ticker,empresa,setor,industria,preco,market_cap,enterprise_value,net_income,eps,dividend_yield,dividend_rate,pe,pe_forward,pb,ev_ebitda,ev_ebit,roe,roa,debt_equity,book_value,fonte_dados,data_base
A,"Agilent Technologies, Inc.",Healthcare,Diagnostics & Research,167.78,47308226560,49692024832.0,1440000000.0,5.07,0.61,1.02,33.0927,24.826468,6.425152,23.890396553846156,,20.97,8.63,,26.113,yfinance,2026-10-04
AAPL,Apple Inc.,Technology,Consumer Electronics,333.69,4869931925504,4891877048320.0,128929996800.0,8.71,0.32,1.08,38.31114,34.821583,45.338314,29.12542321032319,,148.75,27.08,,7.36,yfinance,2026-10-04
ABBV,AbbVie Inc.,Healthcare,Drug Manufacturers - General,262.82,464433774592,528796778496.0,6270000128.0,3.57,2.63,6.92,73.61905,16.164665,-78.24353,17.189376257073764,,,10.51,,-3.359,yfinance,2026-10-04
ABNB,"Airbnb, Inc.",Consumer Cyclical,Travel Services,162.43,97260748800,86193405952.0,2691000064.0,4.39,,,37.0,26.232489,12.287616,31.21818469756024,,34.54,6.14,,13.219,yfinance,2026-10-04
ABT,Abbott Laboratories,Healthcare,Medical Devices,97.5,168712372224,196481368064.0,5400999936.0,3.09,2.58,2.52,31.553398,16.074652,3.3009446,16.820594172448747,,10.58,5.33,,29.537,yfinance,2026-10-04
ACGL,Arch Capital Group Ltd.,Financial Services,Insurance - Diversified,93.6,31939045376,32459024384.0,4652000256.0,12.78,,,7.3239436,9.587776,1.3700635,5.832708582950575,,19.94,4.12,,68.318,yfinance,2026-10-04
ACN,Accenture plc,Technology,Information Technology Services,198.9,121715277824,120793481216.0,8367055872.0,12.51,3.28,6.52,15.89928,13.56369,3.8161201,8.585922486903385,,26.02,10.53,,52.121,yfinance,2026-10-04
ADBE,Adobe Inc.,Technology,Software - Application,237.69,94481776640,93653950464.0,7283999744.0,17.92,,,13.263951,8.589151,7.9000897,9.44377871190977,,61.9,20.08,,30.087,yfinance,2026-10-04
ADI,"Analog Devices, Inc.",Technology,Semiconductors,417.15,202136485888,208975609856.0,4135003904.0,8.43,1.05,4.4,49.483982,25.516695,6.0247836,30.187005894578025,,12.23,6.41,,69.239,yfinance,2026-10-04
ADM,Archer-Daniels-Midland Company,Consumer Defensive,Farm Products,80.45,38773645312,47321649152.0,1770000000.0,3.66,2.59,2.08,21.980873,14.188413,1.6449587,15.800216407608064,,7.64,2.26,,48.907,yfinance,2026-10-04
ADP,"Automatic Data Processing, Inc.",Technology,Software - Application,257.68,102106095616,103651262464.0,4413499904.0,10.95,2.64,6.8,23.53242,19.232088,16.996239,16.16721713002246,,72.24,6.25,,15.161,yfinance,2026-10-04
ADSK,"Autodesk, Inc.",Technology,Software - Application,212.0,44308000768,43858001920.0,1642000000.0,7.72,,,27.461142,14.930219,13.09693,19.18547658104068,,53.85,11.47,,16.187,yfinance,2026-10-04
AEE,Ameren Corporation,Utilities,Utilities - Regulated Electric,99.94,27667716096,49592713216.0,1563000064.0,5.68,3.0,3.0,17.595072,17.227262,2.0211542,12.683557952047208,,11.94,3.06,,49.447,yfinance,2026-10-04
AEP,American Electric Power Company,Utilities,Utilities - Regulated Electric,119.57,65093595136,119225589760.0,3140999936.0,5.78,3.18,3.8,20.68685,17.43806,2.0290518,13.204738866396072,,10.13,2.98,,58.929,yfinance,2026-10-04
AES,The AES Corporation,Utilities,Utilities - Diversified,14.91,10637370368,49609371648.0,1911000064.0,2.67,4.69,0.7,5.5842695,6.289812,2.1515152,12.189034419607763,,9.57,2.96,,6.93,yfinance,2026-10-04
AFL,AFLAC Incorporated,Financial Services,Insurance - Life,111.54,55919833088,63160832000.0,4862000128.0,9.27,2.19,2.44,12.032362,14.76813,1.8481574,10.413987249216024,,16.91,3.13,,60.352,yfinance,2026-10-04
AIG,"American International Group, I",Financial Services,Insurance - Diversified,74.93,39180386304,37832384512.0,2964999936.0,5.48,2.67,2.0,13.673358,8.506672,0.968263,4.644289848572195,,7.22,1.76,,77.386,yfinance,2026-10-04
AIZ,"Assurant, Inc.",Financial Services,Insurance - Property & Casualty,267.32,13185229824,13359429632.0,1054700032.0,20.88,1.32,3.52,12.802683,11.407619,2.164815,7.6906507316211945,,18.34,2.56,,123.484,yfinance,2026-10-04
AJG,Arthur J. Gallagher & Co.,Financial Services,Insurance Brokers,226.11,57961263104,70701989888.0,1568000000.0,6.04,1.24,2.8,37.435432,15.210949,2.4434814,16.48833719402985,,6.72,2.32,,92.536,yfinance,2026-10-04
AKAM,"Akamai Technologies, Inc.",Technology,Software - Infrastructure,108.92,15653612544,21637212160.0,410964992.0,2.76,,,39.463768,15.902702,3.2936196,20.036348322324493,,8.92,2.52,,33.07,yfinance,2026-10-04
ALAB,"Astera Labs, Inc.",Technology,Semiconductors,350.33,60777033728,59568492544.0,369494016.0,2.03,,,172.57635,54.794884,35.219666,208.7222404798946,,25.83,10.67,,9.947,yfinance,2026-10-04
ALB,Albemarle Corporation,Basic Materials,Specialty Chemicals,104.59,12342148096,15203188736.0,57427000.0,0.27,1.57,1.64,387.37033,9.260283,1.5349281,10.255316514573007,,2.65,3.16,,68.14,yfinance,2026-10-04
ALGN,"Align Technology, Inc.",Healthcare,Medical Instruments & Supplies,143.74,10211269632,9229518848.0,413577984.0,5.76,,,24.95486,11.494354,2.4195802,9.9707222382127,,10.15,7.56,,59.407,yfinance,2026-10-04
ALL,Allstate Corporation (The),Financial Services,Insurance - Property & Casualty,223.74,56574439424,60337438720.0,13189000192.0,49.94,1.93,4.32,4.4801764,8.053567,1.7929178,3.5252066965147866,,46.11,8.68,,124.791,yfinance,2026-10-04
ALLE,Allegion plc,Industrials,Security & Protection Services,154.21,13113523200,15015222272.0,658600000.0,7.62,1.43,2.2,20.237534,15.764332,6.1914325,14.309751958364684,,33.73,11.03,,24.907,yfinance,2026-10-04
ALNY,"Alnylam Pharmaceuticals, Inc.",Healthcare,Biotechnology,219.72,29400539136,29079881728.0,774710976.0,5.73,,,38.34555,17.617796,21.70074,27.575945266282602,,96.56,12.34,,10.125,yfinance,2026-10-04
AMAT,"Applied Materials, Inc.",Technology,Semiconductor Equipment & Materials,540.04,428574343168,426687365120.0,9267000320.0,11.61,0.39,2.12,46.51507,29.255379,16.724163,42.0174665866424,,41.07,15.48,,32.291,yfinance,2026-10-04
AMCR,Amcor plc,Consumer Cyclical,Packaging & Containers,41.86,19337048064,33373046784.0,1106000000.0,2.38,6.21,2.6,17.588234,9.608256,1.6401536,9.43807884162896,,9.4,3.57,,25.522,yfinance,2026-10-04
AMD,"Advanced Micro Devices, Inc.",Technology,Semiconductors,633.91,1034842210304,1026007236608.0,6469000192.0,3.93,,,161.30025,40.67883,15.389525,107.30048059031745,,10.2,5.13,,41.191,yfinance,2026-10-04
AME,"AMETEK, Inc.",Industrials,Specialty Industrial Machinery,251.93,57757786112,59573284864.0,1576269952.0,6.85,0.54,1.36,36.778103,26.206156,5.129077,23.822815234070163,,14.56,8.16,,49.118,yfinance,2026-10-04
AMGN,Amgen Inc.,Healthcare,Drug Manufacturers - General,403.04,217896321024,261211324416.0,8743000064.0,16.08,2.5,10.08,25.064678,16.484947,18.641998,15.126900208393597,,91.47,8.67,,21.62,yfinance,2026-10-04
AMP,"Ameriprise Financial, Inc.",Financial Services,Asset Management,490.91,43363659776,37366661120.0,3948000000.0,41.04,1.39,6.8,11.961744,9.518726,6.8206577,,,63.43,2.28,,71.974,yfinance,2026-10-04
AMT,American Tower Corporation (REI,Real Estate,REIT - Specialty,162.2,75578720256,125328916480.0,3400999936.0,7.27,4.41,7.16,22.310865,23.138243,20.318176,17.79128303371696,,33.91,4.89,,7.983,yfinance,2026-10-04
AMZN,"Amazon.com, Inc.",Consumer Cyclical,Internet Retail,251.52,2712973606912,2841620512768.0,135281000448.0,12.43,,,20.234915,24.009829,4.9167256,16.823083018981393,,30.56,6.59,,51.156,yfinance,2026-10-04
ANET,"Arista Networks, Inc.",Technology,Computer Hardware,207.35,261514952704,248171626496.0,4044600064.0,3.15,,,65.82539,39.859745,17.672379,53.48987405149067,,31.48,14.12,,11.733,yfinance,2026-10-04
AON,Aon plc,Financial Services,Insurance Brokers,269.45,57157201920,72046198784.0,3913999872.0,18.13,1.22,3.28,14.862108,13.304518,5.95154,12.211219603038607,,44.7,5.83,,45.274,yfinance,2026-10-04
AOS,A.O. Smith Corporation,Industrials,Specialty Industrial Machinery,56.75,7712811520,8208711680.0,500300000.0,3.59,2.54,1.44,15.8078,13.8878355,4.187574,10.474303962202026,,27.13,12.54,,13.552,yfinance,2026-10-04
APA,APA Corporation,Energy,Oil & Gas E&P,43.68,15303354368,19663353856.0,1676999936.0,4.74,2.29,1.0,9.21519,9.771375,2.1816003,3.4376492755244756,,26.66,11.6,,20.022,yfinance,2026-10-04
APD,"Air Products and Chemicals, Inc",Basic Materials,Specialty Chemicals,277.57,61810827264,81794621440.0,-47300000.0,-0.22,2.61,7.24,,19.22648,4.4520187,17.581923082679825,,0.02,4.73,,62.347,yfinance,2026-10-04
APH,Amphenol Corporation,Technology,Electronic Components,86.96,214440476672,227963174912.0,5143399936.0,2.0,0.57,0.5,43.48,26.450584,13.83832,24.08816460260585,,38.12,14.47,,6.284,yfinance,2026-10-04
APO,"Apollo Global Management, Inc. ",Financial Services,Asset Management,114.02,67333730304,83475734528.0,1888000000.0,2.8,1.97,2.25,40.721428,10.656872,3.3492935,,,11.41,0.94,,34.043,yfinance,2026-10-04
APP,Applovin Corporation,Communication Services,Advertising Agencies,268.22,90105700352,90221854720.0,4409847808.0,13.01,,,20.61645,12.784076,28.431206,16.661758693372192,,203.69,46.46,,9.434,yfinance,2026-10-04
APTV,Aptiv PLC,Consumer Cyclical,Auto Parts,43.54,9040355328,13963355136.0,470000000.0,2.21,,,19.701357,6.6540437,1.0364692,4.319008788251334,,5.16,6.72,,42.008,yfinance,2026-10-04
ARE,Alexandria Real Estate Equities,Real Estate,REIT - Office,47.37,8152153088,24572819456.0,-1030056000.0,-6.05,6.08,2.88,,-58.48148,0.51996094,13.789917604634127,,-4.08,0.93,,91.103,yfinance,2026-10-04
ARES,Ares Management Corporation,Financial Services,Asset Management,117.55,39000260608,45876592640.0,487432992.0,2.17,4.59,5.4,54.170506,16.36797,10.656332,32.074467780456935,,14.92,4.58,,11.031,yfinance,2026-10-04
ARM,Arm Holdings plc,Technology,Semiconductors,307.49,328398864384,324996333568.0,1044000000.0,0.98,,,313.7653,100.659294,38.05098,305.5338378725983,,13.35,5.42,,8.081,yfinance,2026-10-04
ASML,ASML Holding N.V. - New York Re,Technology,Semiconductor Equipment & Materials,1867.31,717233782784,39840724811776.0,10638399488.0,28.76,0.49,9.08,64.92733,32.092117,1623.1832,2953.7027132613325,,53.94,16.45,,1.1504,yfinance,2026-10-04
ATO,Atmos Energy Corporation,Utilities,Utilities - Regulated Gas,157.17,26559932416,36362846208.0,1402008064.0,8.39,2.55,4.0,18.733015,17.42635,1.7406857,13.856213067623123,,9.79,3.89,,90.292,yfinance,2026-10-04
AVGO,Broadcom Inc.,Technology,Semiconductors,355.14,1695307005952,1730750971904.0,38264999936.0,8.1,0.73,2.6,43.844444,18.321383,17.006992,33.11808228821717,,44.24,15.37,,20.882,yfinance,2026-10-04
AVY,Avery Dennison Corporation,Consumer Cyclical,Packaging & Containers,169.87,12874131456,16284632064.0,704899968.0,9.14,2.35,4.0,18.585339,15.186273,5.5509443,10.881812503987971,,31.16,8.39,,30.602,yfinance,2026-10-04
AWK,"American Water Works Company, I",Utilities,Utilities - Regulated Water,130.25,25884450816,41725452288.0,1128000000.0,5.77,2.75,3.58,22.573656,19.837494,2.2189853,14.323876829635468,,10.1,3.52,,58.698,yfinance,2026-10-04
AXON,"Axon Enterprise, Inc.",Industrials,Aerospace & Defense,413.35,33579487232,34737557504.0,199298000.0,2.4,,,172.22916,39.202873,9.13824,210.39548837716376,,6.22,0.51,,45.233,yfinance,2026-10-04
AXP,American Express Company,Financial Services,Credit Services,302.78,204470304768,217810305024.0,11310999552.0,16.47,1.26,3.8,18.383728,15.005756,5.9619966,,,34.38,3.79,,50.785,yfinance,2026-10-04
AZO,"AutoZone, Inc.",Consumer Cyclical,Auto Parts,2792.03,45155500032,57694154752.0,2572776960.0,144.07,,,19.379675,14.513764,-18.044413,13.28700603330433,,,11.35,,-154.731,yfinance,2026-10-04
BA,Boeing Company (The),Industrials,Aerospace & Defense,193.56,152984027136,182072016896.0,2088999936.0,2.79,,,69.37634,46.90283,25.085535,-62.783454102068966,,173.54,-1.98,,7.716,yfinance,2026-10-04
BAC,Bank of America Corporation,Financial Services,Banks - Diversified,53.75,375860232192,321699217408.0,32124999680.0,4.33,2.38,1.28,12.413395,10.222246,1.3662244,,,11.2,0.97,,39.342,yfinance,2026-10-04
BALL,Ball Corporation,Consumer Cyclical,Packaging & Containers,56.37,14921327616,22023327744.0,945000000.0,3.49,1.42,0.8,16.151861,12.463573,2.5959015,10.608539375722543,,17.15,4.63,,21.715,yfinance,2026-10-04
BAX,Baxter International Inc.,Healthcare,Medical Instruments & Supplies,23.49,12144235520,19634235392.0,-968000000.0,-1.88,0.17,0.04,,11.535061,1.9568478,10.421568679405521,,-14.37,2.85,,12.004,yfinance,2026-10-04
BBY,"Best Buy Co., Inc.",Consumer Cyclical,Specialty Retail,87.97,18449745920,20180746240.0,1272000000.0,6.01,4.37,3.84,14.637271,12.19568,5.815045,7.708459597663418,,43.13,7.25,,15.128,yfinance,2026-10-04
BDX,"Becton, Dickinson and Company",Healthcare,Medical Instruments & Supplies,176.8,48157990912,64256987136.0,1648000000.0,5.78,2.38,4.2,30.588234,13.287179,1.9723998,10.497792486171985,,6.61,4.34,,89.637,yfinance,2026-10-04
BE,Bloom Energy Corporation,Industrials,Electrical Equipment & Parts,289.15,85162582016,85289418752.0,244942000.0,0.81,,,356.9753,58.507515,52.620564,203.80763418084496,,22.21,5.6,,5.495,yfinance,2026-10-04
BEN,"Franklin Templeton, Inc.",Financial Services,Asset Management,32.81,16670003200,20234303488.0,759200000.0,1.47,4.02,1.32,22.319729,10.299214,1.4185655,11.246902967094162,,7.89,2.64,,23.129,yfinance,2026-10-04
BF-B,Brown Forman Inc,Consumer Defensive,Beverages - Wineries & Distilleries,26.16,12003889152,14143889408.0,721000000.0,1.55,3.52,0.92,16.87742,15.263879,3.023229,11.92570776391231,,18.12,8.63,,8.653,yfinance,2026-10-04
BG,Bunge Limited,Consumer Defensive,Farm Products,106.72,20502951936,38232952832.0,1010000000.0,4.64,2.7,2.88,23.0,9.476097,1.2851329,12.230630603480257,,7.18,3.47,,83.042,yfinance,2026-10-04
BIIB,Biogen Inc.,Healthcare,Drug Manufacturers - General,219.88,32488151040,39558250496.0,834600000.0,5.56,,,39.546764,13.29717,1.7230625,11.776092669683258,,4.58,5.21,,127.61,yfinance,2026-10-04
BKNG,Booking Holdings Inc. Common St,Consumer Cyclical,Travel Services,159.02,119484530688,123194523648.0,7208999936.0,9.0,1.06,1.68,17.66889,12.860992,-11.178125,11.83083908901071,,,20.38,,-14.226,yfinance,2026-10-04
BKR,Baker Hughes Company,Energy,Oil & Gas Equipment & Services,56.0,55589748736,54994747392.0,3096000000.0,3.11,1.64,0.92,18.006432,18.60193,2.7913468,11.364899083415263,,16.46,4.85,,20.062,yfinance,2026-10-04
BLK,"BlackRock, Inc.",Financial Services,Asset Management,1059.63,172164644864,172156108800.0,6576000000.0,41.75,2.16,22.92,25.38036,16.476572,2.850736,15.487235051751334,,12.28,3.74,,371.704,yfinance,2026-10-04
BMY,Bristol-Myers Squibb Company,Healthcare,Drug Manufacturers - General,61.15,124912001024,158897995776.0,9281999872.0,4.54,4.12,2.52,13.469164,9.3147745,5.5972543,8.39397764661538,,46.6,10.72,,10.925,yfinance,2026-10-04
BNY,The Bank of New York Mellon Cor,Financial Services,Banks - Diversified,145.4,98654494720,-27393497088.0,6024000000.0,8.65,1.53,2.22,16.809248,14.152049,2.4719062,,,14.12,1.26,,58.821,yfinance,2026-10-04
BR,"Broadridge Financial Solutions,",Technology,Information Technology Services,156.93,17717401600,21010141184.0,1124300032.0,9.6,2.78,4.36,16.346874,13.556706,6.2981095,11.614229921122563,,40.92,9.3,,24.917,yfinance,2026-10-04
BRK-B,Berkshire Hathaway Inc. New,Financial Services,Insurance - Diversified,502.65,1076027719680,-233930653696.0,85768003584.0,39.76,,,12.642103,23.223097,0.0009625145,-1.7900618178387546,,12.12,6.01,,522225.9,yfinance,2026-10-04
BRO,"Brown & Brown, Inc.",Financial Services,Insurance Brokers,59.91,20046508032,27219507200.0,1191000064.0,3.13,1.1,0.66,19.140574,12.446891,1.5712037,9.412001106500691,,10.02,5.38,,38.13,yfinance,2026-10-04
BSX,Boston Scientific Corporation,Healthcare,Medical Devices,42.6,61737177088,74064175104.0,3673999872.0,2.47,,,17.246964,12.491166,2.4721446,12.968687493259324,,15.34,6.19,,17.232,yfinance,2026-10-04
BX,Blackstone Inc.,Financial Services,Asset Management,111.75,133574524928,115452149760.0,3519035904.0,4.47,4.68,5.23,25.000002,14.991367,9.916585,,,31.37,14.33,,11.269,yfinance,2026-10-04
BXP,"BXP, Inc.",Real Estate,REIT - Office,60.45,10934040576,28089077760.0,296824992.0,1.86,4.63,2.8,32.5,27.195185,1.8705903,17.369450853948578,,5.31,1.68,,32.316,yfinance,2026-10-04
C,"Citigroup, Inc.",Financial Services,Banks - Diversified,128.5,215550623744,23435626496.0,16460000256.0,9.28,2.09,2.68,13.846983,9.962792,1.1199428,,,8.53,0.66,,114.738,yfinance,2026-10-04
CAH,"Cardinal Health, Inc.",Healthcare,Medical Distribution,228.3,52864999424,58398040064.0,1714000000.0,7.24,0.9,2.06,31.53315,16.239805,-18.451468,13.760141391140433,,,3.72,,-12.373,yfinance,2026-10-04
CARR,Carrier Global Corporation,Industrials,Building Products & Equipment,55.12,45436796928,56811798528.0,1174000000.0,1.4,1.74,0.96,39.37143,16.639597,3.4590523,18.367862820414878,,8.97,2.98,,15.935,yfinance,2026-10-04
CASY,"Caseys General Stores, Inc.",Consumer Cyclical,Specialty Retail,617.76,22832513024,25196601344.0,772812992.0,20.77,0.42,2.6,29.742899,26.340387,5.580085,16.10782516706119,,19.98,7.91,,110.708,yfinance,2026-10-04
CAT,"Caterpillar, Inc.",Industrials,Farm & Heavy Construction Machinery,845.42,388618321920,427818352640.0,10844000256.0,23.25,0.77,6.52,36.36215,26.111473,20.036972,26.325663509601096,,56.97,9.03,,42.193,yfinance,2026-10-04
CB,Chubb Limited,Financial Services,Insurance - Property & Casualty,330.89,127657328640,150176317440.0,11185000448.0,28.22,1.23,4.08,11.725373,11.3421,1.692965,10.090459867704954,,14.82,3.36,,195.45,yfinance,2026-10-04
CBOE,"Cboe Global Markets, Inc.",Financial Services,Financial Data & Stock Exchanges,271.26,28327958528,27553759232.0,1347399936.0,12.83,1.27,3.44,21.142635,17.914328,5.041352,14.2713828017381,,26.3,11.58,,53.807,yfinance,2026-10-04
CBRE,CBRE Group Inc,Real Estate,Real Estate Services,129.58,37523169280,47616167936.0,1300999936.0,4.37,,,29.652176,14.2808485,4.4722853,21.506849676207427,,15.8,2.58,,28.974,yfinance,2026-10-04
CCEP,Coca-Cola Europacific Partners ,Consumer Defensive,Beverages - Non-Alcoholic,101.06,44439240704,55469559808.0,1996000000.0,5.05,2.38,2.41,20.01188,18.30858,4.753722,15.709305806458348,,23.54,5.64,,21.25913,yfinance,2026-10-04
CCI,Crown Castle Inc.,Real Estate,REIT - Specialty,66.44,29034280960,50629259264.0,1074000000.0,2.45,6.4,4.25,27.118368,22.91082,-8.65555,18.82128686733261,,,4.72,,-7.676,yfinance,2026-10-04
CCL,Carnival Corporation Ltd.,Consumer Cyclical,Travel Services,25.76,34637160448,58598158336.0,3136999936.0,2.27,1.75,0.45,11.348018,10.0581,2.7253492,8.035951217607856,,24.0,5.4,,9.452,yfinance,2026-10-04
CDNS,"Cadence Design Systems, Inc.",Technology,Software - Application,351.35,96759332864,97878851584.0,1377993984.0,5.02,,,69.99004,36.724358,14.109308,45.400143892870936,,23.23,10.61,,24.902,yfinance,2026-10-04
CDW,CDW Corporation,Technology,Information Technology Services,133.29,16663571456,22731272192.0,1080300032.0,8.32,1.89,2.52,16.020433,11.09342,6.8388915,11.304029317086348,,44.01,6.59,,19.49,yfinance,2026-10-04
CEG,Constellation Energy Corporatio,Utilities,Utilities - Independent Power Producers,257.49,91230609408,115578609664.0,3464999936.0,10.22,0.66,1.71,25.194715,19.330849,2.8610318,14.534533408450704,,15.06,3.89,,89.999,yfinance,2026-10-04
CF,"CF Industries Holdings, Inc.",Basic Materials,Agricultural Inputs,115.01,17405399040,21710397440.0,2099000064.0,13.48,2.09,2.4,8.531899,10.406629,3.033204,5.605576503681099,,29.87,12.93,,37.917,yfinance,2026-10-04
CFG,"Citizens Financial Group, Inc.",Financial Services,Banks - Regional,64.33,27094304768,31687303168.0,1984000000.0,4.59,2.86,1.84,14.01525,9.852255,1.1295675,,,8.27,0.94,,56.951,yfinance,2026-10-04
CHD,"Church & Dwight Company, Inc.",Consumer Defensive,Household & Personal Products,94.31,22370699264,24544200704.0,744800000.0,3.12,1.3,1.23,30.227564,23.371536,5.1437144,18.116475276055507,,17.04,7.87,,18.335,yfinance,2026-10-04
CHRW,"C.H. Robinson Worldwide, Inc.",Industrials,Integrated Freight & Logistics,157.72,18429779968,20247760896.0,633326976.0,5.23,1.6,2.52,30.156788,21.020645,11.348395,21.71013323986057,,37.12,9.96,,13.898,yfinance,2026-10-04
CHTR,"Charter Communications, Inc.",Communication Services,Telecom Services,109.29,14203066368,114185838592.0,4924000256.0,38.43,,,2.843872,2.3233418,0.76898724,5.234281165111617,,27.2,5.31,,142.122,yfinance,2026-10-04
CI,The Cigna Group,Healthcare,Healthcare Plans,270.53,71484973056,96395976704.0,6416000000.0,24.19,2.31,6.24,11.183547,8.079232,1.6738335,7.555728139630006,,16.76,4.46,,161.623,yfinance,2026-10-04
CIEN,Ciena Corporation,Technology,Communication Equipment,391.34,55495348224,56151224320.0,654409984.0,4.46,,,87.74439,33.084976,18.166372,54.75288982864316,,22.4,7.73,,21.542,yfinance,2026-10-04
CINF,Cincinnati Financial Corporatio,Financial Services,Insurance - Property & Casualty,161.95,24855769088,23839768576.0,3327000064.0,21.18,2.32,3.76,7.646364,17.876005,1.4901956,5.461573316695973,,21.48,6.41,,108.677,yfinance,2026-10-04
CL,Colgate-Palmolive Company,Consumer Defensive,Household & Personal Products,84.26,67169783808,73903783936.0,2038000000.0,2.54,2.52,2.12,33.17323,20.548613,284.66217,14.831182618262957,,267.37,15.84,,0.296,yfinance,2026-10-04
CLX,Clorox Company (The),Consumer Defensive,Household & Personal Products,80.41,9724062720,15341062144.0,587000000.0,4.81,6.22,5.0,16.717257,12.857063,108.07796,13.457072056140351,,163.76,8.32,,0.744,yfinance,2026-10-04
CMCSA,Comcast Corporation,Communication Services,Telecom Services,21.57,76544090112,159456083968.0,11198999552.0,3.12,6.12,1.32,6.9134617,6.0158467,0.8521986,4.679836946189345,,11.49,4.31,,25.311,yfinance,2026-10-04
CME,CME Group Inc.,Financial Services,Financial Data & Stock Exchanges,263.14,94619688960,96212590592.0,4264999936.0,11.79,1.98,5.2,22.318916,20.349533,3.5648098,20.165703373538065,,15.8,1.48,,73.816,yfinance,2026-10-04
CMG,"Chipotle Mexican Grill, Inc.",Consumer Cyclical,Restaurants,32.36,40948928512,45690265600.0,1419405952.0,1.08,,,29.962963,23.643045,18.651297,20.08345639041828,,49.56,13.08,,1.735,yfinance,2026-10-04
CMI,Cummins Inc.,Industrials,Specialty Industrial Machinery,528.32,72730902528,78151901184.0,2715000064.0,19.55,1.67,8.8,27.024042,15.279712,5.6613197,15.568107011666257,,21.11,7.0,,93.321,yfinance,2026-10-04
CMS,CMS Energy Corporation,Utilities,Utilities - Regulated Electric,63.74,19987408896,39896408064.0,1016000000.0,3.33,3.58,2.28,19.141142,15.338708,2.0930614,13.219486334027254,,9.16,2.97,,30.453,yfinance,2026-10-04
CNC,Centene Corporation,Healthcare,Healthcare Plans,62.99,31116746752,20259745792.0,-5100000256.0,-10.36,,,,11.778764,1.3791518,4.398555195176929,,-20.36,2.48,,45.673,yfinance,2026-10-04
CNP,"CenterPoint Energy, Inc (Holdin",Utilities,Utilities - Regulated Electric,37.79,24893038592,49082040320.0,1116999936.0,1.68,2.54,0.96,22.49405,18.103863,2.1238692,12.735349945478777,,9.83,3.0,,17.793,yfinance,2026-10-04
COF,Capital One Financial Corporati,Financial Services,Credit Services,194.72,119457775616,122626768896.0,9822999552.0,18.15,1.64,3.2,10.7283745,8.168378,1.1600213,,,9.03,1.52,,167.859,yfinance,2026-10-04
COHR,Coherent Corp.,Technology,Scientific & Technical Instruments,337.04,66003300352,67900653568.0,769896000.0,4.11,,,82.00487,23.996212,6.0509877,47.70257449229774,,7.98,3.39,,55.7,yfinance,2026-10-04
COIN,"Coinbase Global, Inc.",Financial Services,Financial Data & Stock Exchanges,183.0,48282157056,46161604608.0,-987766016.0,-3.86,,,,64.659744,3.6906323,65.98766510409038,,-7.85,1.12,,49.585,yfinance,2026-10-04
COO,"The Cooper Companies, Inc.",Healthcare,Medical Instruments & Supplies,56.91,10821737472,13468437504.0,570300032.0,2.91,,,19.5567,12.124634,1.2990185,14.451113201716739,,6.84,2.74,,43.81,yfinance,2026-10-04
COP,ConocoPhillips,Energy,Oil & Gas E&P,126.75,152269520896,167867531264.0,9253000192.0,7.55,2.65,3.36,16.788078,13.119855,2.3300917,6.268391697509026,,14.18,7.53,,54.397,yfinance,2026-10-04
COR,"Cencora, Inc.",Healthcare,Medical Distribution,309.05,58975133696,70811025408.0,2624793088.0,13.47,0.78,2.4,22.943577,15.588029,19.330122,12.766849617569934,,96.87,3.56,,15.988,yfinance,2026-10-04
COST,Costco Wholesale Corporation,Consumer Defensive,Discount Stores,920.65,408092835840,395367841792.0,9226000384.0,20.71,0.64,5.88,44.454372,36.8047,11.398273,27.53449683333047,,28.4,8.79,,80.771,yfinance,2026-10-04
CPAY,"Corpay, Inc.",Technology,Software - Infrastructure,394.6,25909278720,33827837952.0,1133502976.0,16.45,,,23.98784,12.547689,7.3145866,12.088801372491636,,29.22,6.32,,53.947,yfinance,2026-10-04
CPRT,"Copart, Inc.",Industrials,Specialty Business Services,27.22,25214713856,20829863936.0,1484269952.0,1.55,,,17.56129,15.548777,2.7716117,11.161269065265312,,16.16,10.27,,9.821,yfinance,2026-10-04
CPT,Camden Property Trust,Real Estate,REIT - Residential,95.96,11105697792,14744834048.0,325515008.0,3.03,4.42,4.24,31.669968,88.0367,2.5881274,16.493637842895236,,7.89,1.87,,37.077,yfinance,2026-10-04
CRH,CRH PLC,Basic Materials,Building Materials,81.94,54513410048,72801411072.0,3814000128.0,5.66,1.9,1.56,14.477033,12.617529,2.2701833,9.415599260526825,,15.81,6.06,,36.094,yfinance,2026-10-04
CRL,Charles River Laboratories Inte,Healthcare,Diagnostics & Research,290.19,13977793536,16744527872.0,-238458000.0,-4.82,,,,22.783337,4.877471,19.719906487062453,,-7.52,4.11,,59.496,yfinance,2026-10-04
CRM,"Salesforce, Inc.",Technology,Software - Application,234.69,193149878272,224122863616.0,9662000128.0,10.91,0.75,1.76,21.511457,14.649173,5.03281,17.375211881225848,,19.38,5.7,,46.632,yfinance,2026-10-04
CRWD,"CrowdStrike Holdings, Inc.",Technology,Software - Infrastructure,270.04,276503363584,272347496448.0,44995000.0,0.03,,,9001.334,168.1539,54.192257,2548.614522117517,,1.46,-0.78,,4.983,yfinance,2026-10-04
CRWV,"CoreWeave, Inc.",Technology,Software - Infrastructure,89.62,49428709376,95502712832.0,-1928000000.0,-3.55,,,,-49.556526,9.82891,25.2052558577821,,-43.6,-0.24,,9.118,yfinance,2026-10-04
CSCO,"Cisco Systems, Inc.",Technology,Communication Equipment,112.2,442358235136,457625239552.0,13267000320.0,3.33,1.5,1.68,33.693695,19.957735,8.804833,24.548076531174434,,27.32,7.98,,12.743,yfinance,2026-10-04
CSGP,"CoStar Group, Inc.",Real Estate,Real Estate Services,27.38,11094309888,10996310016.0,74000000.0,0.18,,,152.1111,15.406603,1.3972952,27.90941628426396,,0.89,0.47,,19.595,yfinance,2026-10-04
CSX,CSX Corporation,Industrials,Railroads,47.43,87862886400,105922109440.0,3223000064.0,1.72,1.18,0.56,27.57558,20.856146,6.2391477,15.506091121008662,,24.36,7.38,,7.602,yfinance,2026-10-04
CTAS,Cintas Corporation,Industrials,Specialty Business Services,193.02,77114769408,79582543872.0,2054226944.0,5.08,1.08,2.08,37.996063,31.329533,14.816918,25.63190972455551,,41.38,16.66,,13.027,yfinance,2026-10-04
CTSH,Cognizant Technology Solutions ,Technology,Information Technology Services,58.51,26355490816,27398490112.0,2220000000.0,4.66,2.26,1.32,12.555794,9.235377,1.828666,6.7885257958374625,,14.92,10.74,,31.996,yfinance,2026-10-04
CTVA,"Corteva, Inc.",Basic Materials,Agricultural Inputs,11.92,7952976896,,,1.65,6.04,0.72,7.2242427,2.891316,0.31602108,,,,,,37.719,yfinance,2026-10-04
CVNA,Carvana Co.,Consumer Cyclical,Auto & Truck Dealerships,63.77,70686736384,49584070656.0,1568000000.0,1.91,,,33.387436,28.19087,11.383434,19.754608815701225,,58.77,11.7,,5.602,yfinance,2026-10-04
CVS,CVS Health Corporation,Healthcare,Healthcare Plans,86.46,110579777536,173124780032.0,4889999872.0,3.79,3.08,2.66,22.812664,10.137547,1.3863544,10.379183773749526,,6.2,2.97,,62.365,yfinance,2026-10-04
CVX,Chevron Corporation,Energy,Oil & Gas Integrated,206.69,405443805184,439663788032.0,20590999552.0,10.4,3.44,7.12,19.874039,14.273895,2.1352272,8.678374328908275,,12.23,5.86,,96.8,yfinance,2026-10-04
D,"Dominion Energy, Inc.",Utilities,Utilities - Regulated Electric,61.31,53923737600,113237737472.0,2505999872.0,2.92,4.35,2.67,20.996574,16.074018,1.931632,13.576038228677696,,8.28,3.04,,31.74,yfinance,2026-10-04
DAL,"Delta Air Lines, Inc.",Industrials,Airlines,84.09,55299518464,71419723776.0,3950000128.0,6.03,1.02,0.86,13.945272,10.3625345,2.5212123,9.513750579810859,,20.12,4.02,,33.353,yfinance,2026-10-04
DASH,"DoorDash, Inc.",Consumer Cyclical,Internet Retail,189.15,81958305792,79926870016.0,841000000.0,1.91,,,99.03141,22.922743,8.260185,55.659380233983285,,8.89,2.97,,22.899,yfinance,2026-10-04
DD,"DuPont de Nemours, Inc.",Basic Materials,Specialty Chemicals,129.98,17552885760,19103885312.0,306000000.0,2.34,1.85,2.4,55.54701,16.319387,1.2747761,12.068151951761386,,1.79,2.07,,101.963,yfinance,2026-10-04
DDOG,"Datadog, Inc.",Technology,Software - Application,277.22,99542777856,95835144192.0,177584000.0,0.5,,,554.44,93.20011,22.786453,1156.0749386829439,,4.7,0.18,,12.166,yfinance,2026-10-04
DE,Deere & Company,Industrials,Farm & Heavy Construction Machinery,687.0,185232654336,242921652224.0,4872999936.0,18.0,0.94,6.48,38.166668,30.074898,6.617796,28.246702065312622,,18.24,3.76,,103.811,yfinance,2026-10-04
DECK,Deckers Outdoor Corporation,Consumer Cyclical,Footwear & Accessories,79.12,10774709248,9662838784.0,1014840000.0,6.99,,,11.319028,9.503197,4.700012,7.281832788448526,,42.56,20.32,,16.834,yfinance,2026-10-04
DELL,Dell Technologies Inc.,Technology,Computer Hardware,562.52,357657378816,381371383808.0,11377999872.0,17.21,0.45,2.52,32.68565,19.319212,-252.25113,21.514803288122742,,,8.64,,-2.23,yfinance,2026-10-04
DG,Dollar General Corporation,Consumer Defensive,Discount Stores,118.94,26240161792,40423669760.0,1703399040.0,7.7,1.98,2.36,15.4467535,14.349745,2.824977,11.285456769338941,,19.69,4.89,,42.103,yfinance,2026-10-04
DGX,Quest Diagnostics Incorporated,Healthcare,Diagnostics & Research,233.33,25753415680,31914416128.0,1058000000.0,9.52,1.47,3.44,24.509453,19.349098,3.4149017,14.08403262610599,,14.6,6.4,,68.327,yfinance,2026-10-04
DHI,"D.R. Horton, Inc.",Consumer Cyclical,Residential Construction,135.0,37759672320,43455873024.0,3052900096.0,10.33,1.33,1.8,13.068732,11.686804,1.5910805,10.528631510837917,,12.63,6.88,,84.848,yfinance,2026-10-04
DHR,Danaher Corporation,Healthcare,Diagnostics & Research,214.06,150481190912,174002192384.0,3990000128.0,5.61,0.75,1.6,38.15686,23.012255,2.861535,21.67441290923646,,7.6,3.95,,74.806,yfinance,2026-10-04
DIS,Walt Disney Company (The),Communication Services,Entertainment,102.19,176450125824,224116129792.0,8600000512.0,4.85,1.47,1.5,21.070105,13.651672,1.6067104,10.6910330759371,,8.01,4.81,,63.602,yfinance,2026-10-04
DLR,"Digital Realty Trust, Inc.",Real Estate,REIT - Specialty,178.55,67431858176,87080878080.0,758297984.0,2.05,2.73,4.88,87.097565,64.64332,2.4740882,27.125354806529515,,2.91,1.48,,72.168,yfinance,2026-10-04
DLTR,"Dollar Tree, Inc.",Consumer Defensive,Discount Stores,112.16,21044615168,27657314304.0,1618099968.0,8.17,,,13.728274,14.175094,6.145417,11.046135313142958,,46.03,8.26,,18.251,yfinance,2026-10-04
DOC,"Healthpeak Properties, Inc.",Real Estate,REIT - Healthcare Facilities,19.49,13817381888,23772045312.0,242743008.0,0.35,6.26,1.22,55.685715,139.21428,1.7129548,15.134084956311241,,3.04,1.51,,11.378,yfinance,2026-10-04
DOV,Dover Corporation,Industrials,Specialty Industrial Machinery,189.69,25547491328,27051509760.0,1129351936.0,8.35,1.11,2.1,22.717365,16.282417,3.3161428,14.170580217556775,,14.91,7.06,,57.202,yfinance,2026-10-04
DOW,Dow Inc.,Basic Materials,Chemicals,27.97,20203870208,36910870528.0,-1300999936.0,-1.83,5.01,1.4,,16.293552,1.2739115,9.313870787764893,,-5.54,1.3,,21.956,yfinance,2026-10-04
DPZ,Domino's Pizza Inc,Consumer Cyclical,Restaurants,297.615,9845620736,14803637248.0,596523008.0,17.65,2.67,7.96,16.86204,14.261296,-2.4713106,14.463541758507132,,,33.89,,-120.428,yfinance,2026-10-04
DRI,"Darden Restaurants, Inc.",Consumer Cyclical,Restaurants,200.33,22745821184,31108288512.0,1190099968.0,10.3,3.23,6.48,19.449514,16.155815,10.352437,14.520976542654507,,55.43,7.65,,19.351,yfinance,2026-10-04
DTE,DTE Energy Company,Utilities,Utilities - Regulated Electric,124.45,25896558592,53699559424.0,1314000000.0,6.32,3.74,4.66,19.691454,14.87814,2.131577,14.84643637660269,,11.03,2.77,,58.384,yfinance,2026-10-04
DUK,Duke Energy Corporation (Holdin,Utilities,Utilities - Regulated Electric,114.13,88987410432,183605411840.0,5168000000.0,6.64,3.8,4.34,17.188253,15.914671,1.6553534,11.049251522365775,,9.86,2.84,,68.946,yfinance,2026-10-04
DVA,DaVita Inc.,Healthcare,Medical Care Facilities,178.69,11400422400,25962553344.0,822476032.0,11.79,,,15.156065,10.4236,-14.936889,9.186409441248587,,88.48,7.52,,-11.963,yfinance,2026-10-04
DVN,Devon Energy Corporation,Energy,Oil & Gas E&P,47.65,52415000576,63358001152.0,3280000000.0,4.6,2.69,1.28,10.358696,8.773545,1.3124914,7.099730987726229,,11.52,5.91,,36.305,yfinance,2026-10-04
DXCM,"DexCom, Inc.",Healthcare,Medical Devices,85.36,32211515392,31662915584.0,999699968.0,2.53,,,33.739132,27.344425,12.289087,22.564791607753705,,38.49,10.33,,6.946,yfinance,2026-10-04
EBAY,eBay Inc.,Consumer Cyclical,Internet Retail,106.4,47347998720,51178999808.0,2193999872.0,4.76,1.17,1.24,22.35294,15.850883,10.149767,16.53068469250646,,46.61,9.15,,10.483,yfinance,2026-10-04
ECHO,EchoStar Corporation,Communication Services,Telecom Services,94.25,27409393664,44504088576.0,-5672891904.0,-24.88,,,,4.1465025,1.9339284,22.374545101426673,,-33.43,1.32,,48.735,yfinance,2026-10-04
ECL,Ecolab Inc.,Basic Materials,Specialty Chemicals,273.7,76725944320,85538340864.0,2116400000.0,7.53,1.07,2.92,36.347942,29.084194,7.6303325,20.682917408383915,,21.96,7.23,,35.87,yfinance,2026-10-04
ED,"Consolidated Edison, Inc.",Utilities,Utilities - Regulated Electric,103.39,38236581888,65086582784.0,2216999936.0,6.07,3.39,3.51,17.032948,15.906424,1.4873904,10.56257451087464,,8.96,3.24,,69.511,yfinance,2026-10-04
EFX,"Equifax, Inc.",Industrials,Consulting Services,140.0,16447885312,21884585984.0,691400000.0,5.68,1.6,2.24,24.647888,13.791609,3.7586918,11.372751452513617,,14.27,6.16,,37.247,yfinance,2026-10-04
EG,"Everest Group, Ltd.",Financial Services,Insurance - Reinsurance,368.27,14120478720,14089478144.0,1890000000.0,47.32,2.17,8.0,7.782544,6.1450915,0.9236584,,,12.57,2.49,,398.708,yfinance,2026-10-04
EIX,Edison International,Utilities,Utilities - Regulated Electric,53.89,20737626112,65682624512.0,3744000000.0,9.69,6.51,3.51,5.5614038,8.28799,1.1886014,7.355277206436225,,19.73,4.09,,45.339,yfinance,2026-10-04
EL,"Estee Lauder Companies, Inc. (T",Consumer Defensive,Household & Personal Products,91.97,33322827776,39022612480.0,182000000.0,0.5,1.52,1.4,183.94,23.5129,8.742395,15.895157418619114,,4.74,5.23,,10.52,yfinance,2026-10-04
ELV,"Elevance Health, Inc.",Healthcare,Healthcare Plans,386.43,83804798976,77473800192.0,4962999808.0,22.61,1.78,6.88,17.09111,13.081779,1.8669379,9.307280463078303,,11.13,3.83,,206.986,yfinance,2026-10-04
EME,"EMCOR Group, Inc.",Industrials,Engineering & Construction,786.61,34697289728,34321942528.0,1439158016.0,32.09,0.2,1.6,24.51262,21.404942,8.531654,17.24265011140131,,40.35,12.03,,92.199,yfinance,2026-10-04
EMR,Emerson Electric Company,Industrials,Specialty Industrial Machinery,161.61,90146062336,101783060480.0,2576000000.0,4.57,1.37,2.22,35.363235,22.232431,4.4234295,16.801429948924238,,12.8,6.9,,36.535,yfinance,2026-10-04
EOG,"EOG Resources, Inc.",Energy,Oil & Gas E&P,141.38,74157940736,77500932096.0,6876000256.0,12.85,2.89,4.08,11.002335,9.221128,2.3316183,5.346735735863236,,22.51,11.02,,60.636,yfinance,2026-10-04
EQIX,"Equinix, Inc.",Real Estate,REIT - Specialty,1025.72,101209522176,123602518016.0,1532999936.0,15.59,2.01,20.64,65.79346,55.086998,7.037192,27.225222697432375,,10.74,3.68,,145.757,yfinance,2026-10-04
EQT,EQT Corporation,Energy,Oil & Gas E&P,50.17,31382138880,40529510400.0,2711614976.0,4.31,1.32,0.66,11.640371,13.30254,1.2424159,5.793769015113722,,11.08,6.63,,40.381,yfinance,2026-10-04
ERIE,Erie Indemnity Company,Financial Services,Insurance Brokers,221.09,11560766464,11318915072.0,577001024.0,11.01,2.65,5.85,20.080835,15.78087,4.6859965,13.556040966890732,,24.81,14.15,,47.181,yfinance,2026-10-04
ES,Eversource Energy (D/B/A),Utilities,Utilities - Regulated Electric,64.5,24295522304,52439556096.0,1449377024.0,3.85,4.88,3.15,16.753246,13.119168,1.4865519,10.630300229853848,,9.02,3.3,,43.389,yfinance,2026-10-04
ESS,"Essex Property Trust, Inc.",Real Estate,REIT - Residential,268.65,18518820864,24136257536.0,413841984.0,6.42,3.86,10.36,41.845795,42.64529,3.2435467,19.614282342585785,,7.71,2.96,,82.826,yfinance,2026-10-04
ETN,"Eaton Corporation, PLC",Industrials,Specialty Industrial Machinery,436.11,169385115648,190061117440.0,3828999936.0,9.81,1.01,4.4,44.455654,26.888998,8.363089,28.62797343090973,,19.68,7.05,,52.147,yfinance,2026-10-04
ETR,Entergy Corporation,Utilities,Utilities - Regulated Electric,100.91,48212525056,78171037696.0,1797105024.0,3.91,2.54,2.56,25.808184,19.769218,2.5831308,14.115159462543811,,10.25,2.68,,39.065,yfinance,2026-10-04
EVRG,"Evergy, Inc.",Utilities,Utilities - Regulated Electric,79.17,18254002176,34782904320.0,925800000.0,3.93,3.51,2.78,20.145037,17.34271,1.7855209,12.245777315680712,,9.25,2.91,,44.34,yfinance,2026-10-04
EW,Edwards Lifesciences Corporatio,Healthcare,Medical Devices,85.15,49080459264,45639061504.0,979900032.0,1.68,,,50.684525,25.213642,4.6239476,22.856100512820515,,9.18,8.37,,18.415,yfinance,2026-10-04
EXC,Exelon Corporation,Utilities,Utilities - Regulated Electric,40.73,41962242048,92903702528.0,2783000064.0,2.72,4.12,1.68,14.974264,13.405522,1.4157108,11.119533771747514,,9.71,2.81,,28.77,yfinance,2026-10-04
EXE,Expand Energy Corporation,Energy,Oil & Gas E&P,85.52,19798204416,22863204352.0,2780999936.0,11.6,2.69,2.3,7.372413,9.989545,1.0325385,3.401756371032943,,14.89,8.49,,82.825,yfinance,2026-10-04
EXPD,Expeditors International of Was,Industrials,Integrated Freight & Logistics,192.47,25019295744,24557502464.0,918798976.0,6.87,0.84,1.62,28.016012,24.055593,11.811599,19.4328000886479,,42.67,15.23,,16.295,yfinance,2026-10-04
EXPE,"Expedia Group, Inc.",Consumer Cyclical,Travel Services,265.0,31805851648,31630125056.0,2036000000.0,15.9,0.72,1.92,16.666668,10.811216,26.30273,10.944680434920102,,89.49,6.11,,10.075,yfinance,2026-10-04
EXR,Extra Space Storage Inc,Real Estate,REIT - Industrial,133.25,29408614400,42789191680.0,956073984.0,4.53,4.86,6.48,29.41501,27.69188,2.1234384,18.518137152420593,,6.95,3.36,,62.752,yfinance,2026-10-04
F,Ford Motor Company,Consumer Cyclical,Auto Manufacturers,12.1,48249909248,189461905408.0,-7395999744.0,-1.84,4.96,0.6,,6.18543,1.350748,24.78894546218468,,-18.25,0.35,,8.958,yfinance,2026-10-04
FANG,"Diamondback Energy, Inc.",Energy,Oil & Gas E&P,184.71,51722452992,69960294400.0,1458000000.0,5.23,2.38,4.4,35.3174,9.863131,1.3673817,5.938904577280099,,3.49,1.31,,135.083,yfinance,2026-10-04
FAST,Fastenal Company,Industrials,Industrial Distribution,50.75,58235502592,58472300544.0,1352099968.0,1.17,1.89,0.96,43.37607,36.177902,14.311901,29.91369498478629,,34.33,21.52,,3.546,yfinance,2026-10-04
FCX,"Freeport-McMoRan, Inc.",Basic Materials,Copper,72.04,103450705920,121842704384.0,2936000000.0,2.04,0.83,0.6,35.31373,17.248646,5.144612,12.753056941217427,,14.76,7.58,,14.003,yfinance,2026-10-04
FDS,FactSet Research Systems Inc.,Financial Services,Financial Data & Stock Exchanges,266.0,9460434944,10694280192.0,533480992.0,14.58,1.74,4.64,18.244171,12.24653,4.682769,12.141732444809177,,25.48,10.36,,56.804,yfinance,2026-10-04
FDX,FedEx Corporation,Industrials,Integrated Freight & Logistics,290.36,68719624192,98086715392.0,4425999872.0,18.55,1.68,4.88,15.65283,13.889806,2.201982,8.281553319155492,,14.85,5.01,,131.863,yfinance,2026-10-04
FDXF,"FedEx Freight Holding Company, ",Industrials,Integrated Freight & Logistics,112.89,16879100928,22993102848.0,655000000.0,4.38,,,25.773972,21.920387,-33.962093,23.248840088978767,,69.09,5.67,,-3.324,yfinance,2026-10-04
FE,FirstEnergy Corp.,Utilities,Utilities - Regulated Electric,43.34,25078255616,55489253376.0,1084999936.0,1.87,4.29,1.86,23.17647,14.694514,1.9388028,10.234092966808577,,9.49,3.68,,22.354,yfinance,2026-10-04
FER,Ferrovial N.V.,Industrials,Engineering & Construction,53.64,38625206272,47147528192.0,592000000.0,0.94,3.09,1.66,57.063828,40.22703,5.813406,30.457059555555556,,11.62,2.62,,9.226949,yfinance,2026-10-04
FERG,Ferguson Enterprises Inc.,Industrials,Industrial Distribution,223.33,43203796992,49653796864.0,1987399936.0,10.16,1.59,3.56,21.9813,17.817722,6.967305,16.17071513675691,,,,,32.054,yfinance,2026-10-04
FFIV,"F5, Inc.",Technology,Software - Infrastructure,454.04,25711007744,24357603328.0,726510016.0,12.54,,,36.207336,25.117334,6.691722,26.380913900513807,,19.83,7.98,,67.851,yfinance,2026-10-04
FICO,Fair Isaac Corporation,Technology,Software - Application,661.25,14281437184,19631001600.0,815017024.0,34.52,,,19.155561,12.87043,-3.4856017,15.538674599907539,,,39.98,,-189.709,yfinance,2026-10-04
FIS,Fidelity National Information S,Technology,Information Technology Services,32.44,16729499648,37244497920.0,3372999936.0,6.38,5.43,1.76,5.084639,4.8434534,1.0437244,10.568813257661748,,22.35,4.28,,31.081,yfinance,2026-10-04
FISV,"Fiserv, Inc.",,,44.36,23589171200,,,,,,8.498085,5.5283804,0.8755206,,,,,,50.667,yfinance,2026-10-04
FITB,Fifth Third Bancorp,Financial Services,Banks - Regional,50.87,46133620736,64545624064.0,2198000128.0,2.97,3.3,1.68,17.127945,10.271248,1.4277694,,,8.44,0.92,,35.629,yfinance,2026-10-04
FIX,"Comfort Systems USA, Inc.",Industrials,Engineering & Construction,1728.01,60816150528,59179438080.0,1434401024.0,40.61,0.21,3.6,42.551342,28.71475,18.87504,29.549886738273184,,55.29,17.04,,91.55,yfinance,2026-10-04
FLEX,Flex Ltd.,Technology,Electronic Components,116.61,43076079616,46166081536.0,973000000.0,2.59,,,45.023167,16.522896,7.8314304,21.745680708561675,,18.38,4.42,,14.89,yfinance,2026-10-04
FOX,Fox Corporation,Communication Services,Entertainment,55.89,23567339520,27003246592.0,1684999936.0,3.84,1.04,0.58,14.5546875,9.728459,2.0167432,6.956014292212733,,14.29,9.5,,27.713,yfinance,2026-10-04
FOXA,Fox Corporation,Communication Services,Entertainment,62.28,26261833728,29684811776.0,1684999936.0,3.84,0.93,0.58,16.21875,10.650615,2.2473207,7.646783295926909,,14.29,9.5,,27.713,yfinance,2026-10-04
FRT,Federal Realty Investment Trust,Real Estate,REIT - Retail,106.69,9326662656,14419729408.0,426705984.0,4.95,4.35,4.64,21.553537,33.63525,2.892504,17.213456287753804,,12.55,3.26,,36.885,yfinance,2026-10-04
FSLR,"First Solar, Inc.",Technology,Solar,174.61,18765299712,17232345088.0,1746013952.0,16.22,,,10.765105,7.521657,1.8182671,7.222576326282559,,18.51,8.62,,96.031,yfinance,2026-10-04
FTNT,"Fortinet, Inc.",Technology,Software - Infrastructure,180.95,132765483008,129257283584.0,2120700032.0,2.82,,,64.166664,47.89863,85.59602,49.79477632989226,,117.44,14.17,,2.114,yfinance,2026-10-04
FTV,Fortive Corporation,Technology,Scientific & Technical Instruments,57.47,17356920832,20589619200.0,602200000.0,1.89,0.49,0.28,30.407408,17.679813,2.8694828,16.67715881041484,,7.32,3.3,,20.028,yfinance,2026-10-04
GD,General Dynamics Corporation,Industrials,Aerospace & Defense,330.09,89308217344,94319878144.0,4487000064.0,16.41,1.93,6.36,20.115173,17.753187,3.3241692,14.219791806734008,,17.8,6.08,,99.3,yfinance,2026-10-04
GDDY,GoDaddy Inc.,Technology,Software - Infrastructure,97.21,12311422976,14950323200.0,910300032.0,6.73,,,14.444279,8.815234,1834.151,10.841423137163828,,442.86,9.88,,0.053,yfinance,2026-10-04
GE,GE Aerospace,Industrials,Aerospace & Defense,309.56,321187840000,331699847168.0,8963999744.0,8.48,0.61,1.88,36.50472,34.11351,18.208342,28.88616674337229,,48.23,5.07,,17.001,yfinance,2026-10-04
GEHC,GE HealthCare Technologies Inc.,Healthcare,Medical Devices,64.29,29038909440,37743910912.0,1984999936.0,4.34,0.25,0.16,14.813364,11.878696,2.6458967,10.504845973924336,,19.38,5.13,,24.298,yfinance,2026-10-04
GEN,Gen Digital Inc.,Technology,Software - Infrastructure,21.99,13162928128,20805928960.0,1053000000.0,1.71,2.27,0.5,12.859649,6.6453114,4.9594045,8.633166002093464,,41.94,8.49,,4.434,yfinance,2026-10-04
GEV,GE Vernova Inc.,Industrials,Specialty Industrial Machinery,988.7,263324024832,255482003456.0,9528999936.0,34.9,0.2,2.0,28.329512,39.27346,22.022497,65.0578047599441,,82.58,2.54,,44.895,yfinance,2026-10-04
GILD,"Gilead Sciences, Inc.",Healthcare,Drug Manufacturers - General,144.74,179471122432,200751104000.0,-3240000000.0,-2.65,2.27,3.28,,14.636303,15.184643,13.749133955204751,,-20.68,14.09,,9.532,yfinance,2026-10-04
GIS,"General Mills, Inc.",Consumer Defensive,Packaged Foods,32.01,17115334656,30311235584.0,-894800000.0,-1.64,7.62,2.44,,10.151205,2.318557,8.875910692808702,,-10.49,5.65,,13.806,yfinance,2026-10-04
GL,Globe Life Inc.,Financial Services,Insurance - Life,165.68,12732416000,15704284160.0,1212199040.0,15.04,0.8,1.32,11.015957,10.030124,2.0738516,9.346291359661866,,20.94,3.36,,79.89,yfinance,2026-10-04
GLW,Corning Incorporated,Technology,Electronic Components,164.19,141431357440,148873347072.0,1900000000.0,2.17,0.68,1.12,75.66359,37.707382,11.843757,36.443904382964476,,16.81,5.37,,13.863,yfinance,2026-10-04
GM,General Motors Company,Consumer Cyclical,Auto Manufacturers,78.27,70791413760,174372126720.0,1856999936.0,2.24,0.92,0.72,34.941963,5.20469,1.1071347,10.592402221125775,,3.16,2.25,,70.696,yfinance,2026-10-04
GNRC,Generac Holdlings Inc.,Industrials,Specialty Industrial Machinery,216.8,12805061632,13932005376.0,258195008.0,4.53,,,47.85872,17.113934,4.445447,21.897233850447346,,9.49,4.72,,48.769,yfinance,2026-10-04
GOOG,Alphabet Inc.,Communication Services,Internet Content & Information,340.35,4162458484736,4058820378624.0,244118994944.0,19.94,0.26,0.88,17.068707,22.582298,6.687166,23.439169230431528,,48.68,12.96,,50.896,yfinance,2026-10-04
GOOGL,Alphabet Inc.,Communication Services,Internet Content & Information,343.5,4200982642688,4097345060864.0,244118994944.0,19.92,0.26,0.88,17.243977,22.791302,6.749057,23.661644349391604,,48.68,12.96,,50.896,yfinance,2026-10-04
GPC,Genuine Parts Company,Consumer Cyclical,Auto Parts,127.24,17541275648,23652718592.0,32766000.0,0.25,3.34,4.25,508.96,15.304416,3.875605,11.523375281900005,,0.71,4.48,,32.831,yfinance,2026-10-04
GPN,Global Payments Inc.,Industrials,Specialty Business Services,78.38,20740788224,39746580480.0,494190016.0,2.11,1.28,1.0,37.14692,4.895589,0.9014998,8.867674106119377,,2.43,2.33,,86.944,yfinance,2026-10-04
GRMN,Garmin Ltd.,Technology,Scientific & Technical Instruments,281.16,54222422016,51783086080.0,1877294976.0,9.7,1.49,4.2,28.985567,25.251608,6.007179,22.402693138504013,,21.89,12.17,,46.804,yfinance,2026-10-04
GS,"Goldman Sachs Group, Inc. (The)",Financial Services,Capital Markets,902.56,262799654912,27906859008.0,19982000128.0,64.8,2.22,20.0,13.928394,12.35921,2.492922,,,16.9,1.07,,362.049,yfinance,2026-10-04
GWW,"W.W. Grainger, Inc.",Industrials,Industrial Distribution,1280.3,60303339520,62893334528.0,1870000000.0,39.18,0.78,9.96,32.677387,25.107897,14.597633,19.55638511442786,,46.09,19.93,,87.706,yfinance,2026-10-04
HAL,Halliburton Company,Energy,Oil & Gas Equipment & Services,31.85,26535202816,32728201216.0,1602000000.0,1.91,2.14,0.68,16.675394,10.980033,2.412696,7.907272459515478,,14.92,7.26,,13.201,yfinance,2026-10-04
HAS,"Hasbro, Inc.",Consumer Cyclical,Leisure,89.54,12629121024,15154222080.0,794099968.0,5.59,3.13,2.8,16.017889,13.769982,17.936699,11.65530135820588,,159.56,13.08,,4.992,yfinance,2026-10-04
HBAN,Huntington Bancshares Incorpora,Financial Services,Banks - Regional,15.33,30972958720,39897960448.0,2246000128.0,1.31,4.04,0.62,11.702291,8.633896,1.0413694,,,9.0,0.98,,14.721,yfinance,2026-10-04
HCA,"HCA Healthcare, Inc.",Healthcare,Medical Care Facilities,426.69,92379029504,146234032128.0,6840000000.0,29.83,0.73,3.12,14.304056,13.327474,-14.002232,9.28646911515399,,,12.29,,-30.473,yfinance,2026-10-04
HD,"Home Depot, Inc. (The)",Consumer Cyclical,Home Improvement Retail,282.85,282196508672,343299522560.0,14227000320.0,14.31,3.3,9.32,19.765898,17.650768,16.98799,13.928088676208269,,104.3,12.14,,16.65,yfinance,2026-10-04
HIG,"The Hartford Insurance Group, I",Financial Services,Insurance - Diversified,126.05,34143416320,34870415360.0,4076999936.0,14.52,1.9,2.4,8.681129,9.192712,1.7740778,6.242466193883937,,22.06,3.85,,71.051,yfinance,2026-10-04
HII,"Huntington Ingalls Industries, ",Industrials,Aerospace & Defense,268.54,10581711872,13504710656.0,661000000.0,16.78,2.06,5.52,16.003576,12.889037,1.9920183,11.542487740170941,,12.97,4.28,,134.808,yfinance,2026-10-04
HLT,Hilton Worldwide Holdings Inc.,Consumer Cyclical,Lodging,319.36,71876730880,84923727872.0,1584000000.0,6.8,0.19,0.6,46.964703,30.546032,-11.435528,27.501207212435233,,,11.03,,-27.927,yfinance,2026-10-04
HON,Honeywell International Inc.,Industrials,Conglomerates,213.99,67821993984,93900996608.0,8265999872.0,26.0,1.31,2.8,8.230385,21.708565,3.658762,11.031602045112782,,46.58,5.72,,58.487,yfinance,2026-10-04
HONA,Honeywell Aerospace Inc.,Industrials,Aerospace & Defense,154.63,49010401280,64176398336.0,1946000000.0,3.28,,,47.143295,17.017254,-8.602982,18.13917486088592,,,,,-17.974,yfinance,2026-10-04
HOOD,"Robinhood Markets, Inc.",Financial Services,Capital Markets,112.74,101362540544,100443537408.0,2072000000.0,2.25,,,50.106667,32.800144,10.691322,,,23.62,4.53,,10.545,yfinance,2026-10-04
HPE,Hewlett Packard Enterprise Comp,Technology,Communication Equipment,69.33,92033138688,106200129536.0,2675000064.0,1.94,0.82,0.57,35.737114,14.7533245,3.472751,15.413662047742923,,10.94,2.64,,19.964,yfinance,2026-10-04
HPQ,HP Inc.,Technology,Computer Hardware,32.12,28965525504,35135524864.0,2451000064.0,2.62,3.74,1.2,12.259542,10.235916,-314.90195,7.578844461565103,,,5.63,,-0.102,yfinance,2026-10-04
HRL,Hormel Foods Corporation,Consumer Defensive,Packaged Foods,20.25,11144603648,13147490304.0,342711008.0,0.62,5.78,1.17,32.66129,12.885532,1.4208533,10.393831950336162,,4.29,4.63,,14.252,yfinance,2026-10-04
HSIC,"Henry Schein, Inc.",Healthcare,Medical Distribution,84.88,9459581952,14681582592.0,403000000.0,3.43,,,24.746355,14.170402,3.0089686,13.594057955555556,,8.85,4.39,,28.209,yfinance,2026-10-04
HST,"Host Hotels & Resorts, Inc.",Real Estate,REIT - Hotel & Motel,22.56,15673028608,19378407424.0,1027000000.0,1.49,3.55,0.8,15.140939,21.371933,2.4190433,11.432688314045986,,15.56,4.33,,9.326,yfinance,2026-10-04
HSY,The Hershey Company,Consumer Defensive,Confectioners,160.19,32186281984,37318381568.0,1489106944.0,7.32,3.63,5.81,21.883879,16.247885,7.054032,13.71184741826785,,32.81,9.92,,22.709,yfinance,2026-10-04
HUBB,Hubbell Inc,Industrials,Electrical Equipment & Parts,475.52,25122945024,30295943168.0,900600000.0,16.88,1.19,5.68,28.170616,20.716602,6.422214,19.99072420210942,,24.44,8.43,,74.043,yfinance,2026-10-04
HUM,Humana Inc.,Healthcare,Healthcare Plans,388.36,46634385408,37571387392.0,1279000064.0,10.52,0.91,3.54,36.916348,23.40598,2.4272346,10.448105503893215,,6.89,3.9,,160.001,yfinance,2026-10-04
HWM,Howmet Aerospace Inc.,Industrials,Aerospace & Defense,231.27,92230803456,96331800576.0,1870000000.0,4.65,0.24,0.56,49.735485,35.793274,16.13887,34.478097705510564,,34.73,12.81,,14.33,yfinance,2026-10-04
IBKR,"Interactive Brokers Group, Inc.",Financial Services,Capital Markets,88.3,150446915584,-28727197696.0,1126000000.0,2.52,0.4,0.35,35.039684,27.587715,6.738915,,,24.02,2.28,,13.103,yfinance,2026-10-04
IBM,International Business Machines,Technology,Information Technology Services,222.64,209756798976,266985799680.0,10705000448.0,11.27,3.04,6.76,19.7551,16.933722,6.088383,16.20747894841733,,34.46,5.3,,36.568,yfinance,2026-10-04
ICE,Intercontinental Exchange Inc.,Financial Services,Financial Data & Stock Exchanges,150.15,84293378048,103854383104.0,4038000128.0,7.09,1.39,2.08,21.177713,17.07245,2.850444,15.468332601124006,,14.09,2.17,,52.676,yfinance,2026-10-04
IDXX,"IDEXX Laboratories, Inc.",Healthcare,Diagnostics & Research,518.39,40839344128,41738489856.0,1139655936.0,14.24,,,36.403793,30.972288,25.355345,25.737729621906745,,74.21,27.08,,20.445,yfinance,2026-10-04
IEX,IDEX Corporation,Industrials,Specialty Industrial Machinery,232.99,17175998464,18438799360.0,519500000.0,7.04,1.25,2.92,33.095173,24.204641,4.3017244,19.054252319661128,,12.96,6.84,,54.162,yfinance,2026-10-04
IFF,International Flavors & Fragran,Basic Materials,Specialty Chemicals,82.42,21029459968,26772459520.0,-791000000.0,-3.09,1.94,1.6,,20.810766,1.5055805,14.009659143580228,,-5.55,2.27,,54.743,yfinance,2026-10-04
ILMN,"Illumina, Inc.",Healthcare,Diagnostics & Research,273.04,41229041664,42588041216.0,824000000.0,5.52,,,49.463768,44.717697,14.527268,36.87276091440979,,32.34,8.67,,18.795,yfinance,2026-10-04
INCY,Incyte Corporation,Healthcare,Biotechnology,115.3,23371051008,18873577472.0,1612382976.0,7.85,,,14.687899,12.976227,3.652433,9.717063038080125,,30.67,16.83,,31.568,yfinance,2026-10-04
INTC,Intel Corporation,Technology,Semiconductors,119.33,630790946816,638311530496.0,-11288999936.0,-2.09,,,,57.86876,6.874244,37.90448633628842,,-10.72,1.41,,17.359,yfinance,2026-10-04
INTU,Intuit Inc.,Technology,Software - Application,281.08,75114692608,76335693824.0,4566000128.0,16.47,1.96,5.52,17.066181,10.3813715,3.972076,11.145524096556219,,23.6,10.47,,70.764,yfinance,2026-10-04
INVH,Invitation Homes Inc.,Real Estate,REIT - Residential,26.04,15379829760,23890661376.0,658753984.0,1.08,4.61,1.2,24.11111,36.630142,1.6985193,15.923476861425176,,7.05,2.48,,15.331,yfinance,2026-10-04
IP,International Paper Company,Consumer Cyclical,Packaging & Containers,31.97,16930349056,26107348992.0,-2724999936.0,-5.39,5.79,1.85,,10.587109,1.1711051,6.636336589361697,,-16.48,1.59,,27.299,yfinance,2026-10-04
IQV,"IQVIA Holdings, Inc.",Healthcare,Diagnostics & Research,258.21,42501365760,56806367232.0,1375000064.0,8.03,,,32.155666,17.84215,6.8872523,18.63725959055118,,22.82,5.06,,37.491,yfinance,2026-10-04
IR,Ingersoll Rand Inc.,Industrials,Specialty Industrial Machinery,76.07,29515116544,33305817088.0,959100032.0,2.42,0.11,0.08,31.433884,19.408434,2.9000037,16.531402471333262,,9.47,5.1,,26.231,yfinance,2026-10-04
IRM,Iron Mountain Incorporated (Del,Real Estate,REIT - Specialty,113.39,33756522496,53888000000.0,418655008.0,1.41,3.05,3.46,80.41844,41.53936,-26.351383,21.12415635086973,,,4.63,,-4.303,yfinance,2026-10-04
ISRG,"Intuitive Surgical, Inc.",Healthcare,Medical Instruments & Supplies,391.95,140427083776,133380423680.0,3138800128.0,8.7,,,45.051727,32.416138,7.6346955,31.90308641408343,,17.42,10.51,,51.338,yfinance,2026-10-04
IT,"Gartner, Inc.",Technology,Information Technology Services,184.8,11669931008,13510720512.0,775350976.0,11.12,,,16.618706,11.296748,-71.13164,9.762779248865607,,113.58,10.17,,-2.598,yfinance,2026-10-04
ITW,Illinois Tool Works Inc.,Industrials,Specialty Industrial Machinery,262.92,74879623168,83735617536.0,3193999872.0,11.04,2.62,6.88,23.815218,21.223286,25.872862,17.423140929221383,,104.62,16.92,,10.162,yfinance,2026-10-04
IVZ,Invesco Ltd,Financial Services,Asset Management,30.66,13536382976,17753782272.0,-309200000.0,-0.68,2.8,0.86,,9.372593,1.3588618,12.288055282392026,,-0.57,2.92,,22.563,yfinance,2026-10-04
J,Jacobs Solutions Inc.,Industrials,Engineering & Construction,138.06,16158350336,19020060672.0,359329984.0,3.01,1.04,1.44,45.867107,16.700172,4.9537134,18.003101475833137,,8.0,4.55,,27.87,yfinance,2026-10-04
JBHT,"J.B. Hunt Transport Services, I",Industrials,Integrated Freight & Logistics,234.2,21994876928,23394054144.0,674505024.0,7.02,0.77,1.8,33.361824,23.448254,6.0142264,13.975243014062563,,18.45,7.38,,38.941,yfinance,2026-10-04
JBL,Jabil Inc.,Technology,Electronic Components,304.41,31898236928,34187167744.0,1042000000.0,9.74,0.11,0.32,31.253595,13.7319,19.778442,13.58250640178006,,66.37,4.99,,15.391,yfinance,2026-10-04
JCI,Johnson Controls International ,Industrials,Building Products & Equipment,156.24,94641045504,103508049920.0,2180000000.0,3.55,1.02,1.6,44.01127,25.728683,7.019814,23.93249602889266,,14.33,5.4,,22.257,yfinance,2026-10-04
JKHY,"Jack Henry & Associates, Inc.",Technology,Information Technology Services,142.54,9993850880,10059616256.0,502776000.0,6.91,1.71,2.44,20.628075,18.034248,4.867504,14.325570305905144,,24.04,12.99,,29.284,yfinance,2026-10-04
JNJ,Johnson & Johnson,Healthcare,Drug Manufacturers - General,256.03,617006301184,645284364288.0,21037000704.0,8.63,2.09,5.36,29.667439,21.093262,7.2562633,18.504368972636016,,25.74,8.6,,35.284,yfinance,2026-10-04
JPM,JP Morgan Chase & Co.,Financial Services,Banks - Diversified,332.38,883527974912,721455939584.0,63634001920.0,23.33,1.99,6.6,14.246893,13.286049,2.4989662,,,17.79,1.36,,133.007,yfinance,2026-10-04
KDP,Keurig Dr Pepper Inc.,Consumer Defensive,Beverages - Non-Alcoholic,30.37,41328287744,81944289280.0,1344999936.0,0.99,3.03,0.92,30.676767,11.98179,1.6509922,17.046866692115774,,5.1,3.38,,18.395,yfinance,2026-10-04
KEY,KeyCorp,Financial Services,Banks - Regional,20.08,21427941376,36430942208.0,1886000000.0,1.71,4.08,0.82,11.74269,9.408677,1.2444224,,,10.33,1.08,,16.136,yfinance,2026-10-04
KEYS,Keysight Technologies Inc.,Technology,Scientific & Technical Instruments,384.64,65482944512,65643937792.0,1279000064.0,7.39,,,52.048717,27.728659,9.968641,38.659562892815075,,20.9,7.23,,38.585,yfinance,2026-10-04
KHC,The Kraft Heinz Company,Consumer Defensive,Packaged Foods,22.19,26313428992,42757427200.0,-3396000000.0,-2.88,7.21,1.6,,10.629584,0.73092,7.783984290091938,,-8.76,3.63,,30.359,yfinance,2026-10-04
KIM,Kimco Realty Corporation (HC),Real Estate,REIT - Retail,22.24,14918355968,23232260096.0,573750016.0,0.86,5.04,1.12,25.860464,24.711111,1.4520762,17.440091506126738,,5.81,2.37,,15.316,yfinance,2026-10-04
KKR,KKR & Co. Inc.,Financial Services,Asset Management,90.29,83390988288,141601177600.0,2990256128.0,3.13,0.86,0.78,28.846645,12.192783,2.8437796,,,7.28,1.39,,31.75,yfinance,2026-10-04
KLAC,KLA Corporation,Technology,Semiconductor Equipment & Materials,206.89,269992787968,271560769536.0,4830771200.0,3.66,0.44,0.92,56.52732,30.854282,42.587486,44.85080569021755,,87.5,20.8,,4.858,yfinance,2026-10-04
KMB,Kimberly-Clark Corporation,Consumer Defensive,Household & Personal Products,94.36,31382159360,37089157120.0,1684999936.0,5.06,5.43,5.12,18.648222,12.613691,17.932344,10.654742258518674,,104.91,10.2,,5.262,yfinance,2026-10-04
KMI,"Kinder Morgan, Inc.",Energy,Oil & Gas Midstream,31.07,69186740224,102768738304.0,3448999936.0,1.55,3.8,1.18,20.045162,20.11602,2.1854117,13.460214916615751,,10.99,4.45,,14.217,yfinance,2026-10-04
KO,Coca-Cola Company (The),Consumer Defensive,Beverages - Non-Alcoholic,85.65,368513318912,398568357888.0,14316000256.0,3.33,2.48,2.12,25.720722,24.288364,10.195215,23.44795663560509,,42.05,9.4,,8.401,yfinance,2026-10-04
KR,Kroger Company (The),Consumer Defensive,Grocery Stores,59.03,34862448640,57350451200.0,1078000000.0,1.85,2.64,1.56,31.908108,10.712801,6.024084,7.130480239842373,,14.44,5.8,,9.799,yfinance,2026-10-04
KVUE,Kenvue Inc.,Consumer Defensive,Household & Personal Products,17.2,33037305856,40540303360.0,1658000000.0,0.85,4.88,0.84,20.235294,13.873095,3.129549,11.646166074505782,,15.58,6.99,,5.496,yfinance,2026-10-04
L,Loews Corporation,Financial Services,Insurance - Property & Casualty,106.03,21675470848,25131470848.0,1687000064.0,8.15,0.24,0.25,13.009816,36.56207,1.1337924,7.76381567651659,,9.31,1.91,,93.518,yfinance,2026-10-04
LDOS,"Leidos Holdings, Inc.",Technology,Information Technology Services,117.74,14775452672,20657453056.0,1376000000.0,10.71,1.46,1.72,10.9934635,9.234292,2.796276,8.67231399913678,,27.78,8.91,,42.106,yfinance,2026-10-04
LEN,Lennar Corporation,Consumer Cyclical,Residential Construction,79.81,19225839616,23980472320.0,1288172032.0,5.13,2.51,2.0,15.557504,15.212132,0.880157,11.999427913772797,,5.96,3.4,,90.677,yfinance,2026-10-04
LH,Labcorp Holdings Inc.,Healthcare,Diagnostics & Research,308.49,25018537984,31716139008.0,1002300032.0,12.25,0.93,2.88,25.182856,15.545655,2.899669,13.671927809723519,,11.73,5.53,,106.388,yfinance,2026-10-04
LHX,"L3Harris Technologies, Inc.",Industrials,Aerospace & Defense,236.6,44058382336,55472377856.0,1860000000.0,9.89,2.11,5.0,23.923155,17.475016,2.2152936,13.392654790376675,,9.34,4.38,,106.803,yfinance,2026-10-04
LII,"Lennox International, Inc.",Industrials,Building Products & Equipment,356.3,12313968640,14286568448.0,788499968.0,22.52,1.53,5.44,15.821491,13.663475,9.492221,12.202398742740007,,71.76,15.99,,37.536,yfinance,2026-10-04
LIN,Linde plc,Basic Materials,Specialty Chemicals,479.48,221030776832,245694775296.0,7244000256.0,15.49,1.33,6.4,30.954165,24.50629,5.6557126,17.775631096854234,,18.4,7.16,,84.778,yfinance,2026-10-04
LITE,Lumentum Holdings Inc.,Technology,Communication Equipment,1085.42,97362173952,96294977536.0,-6935099904.0,-92.91,,,,31.25594,20.70859,120.26348655872165,,-240.03,5.82,,52.414,yfinance,2026-10-04
LLY,Eli Lilly and Company,Healthcare,Drug Manufacturers - General,1142.85,1019126611968,1064645427200.0,26710999040.0,29.83,0.61,6.92,38.3121,24.139105,30.073418,25.526780446954753,,102.29,20.36,,38.002,yfinance,2026-10-04
LMT,Lockheed Martin Corporation,Industrials,Aerospace & Defense,505.41,116643954688,133390950400.0,6287000064.0,27.14,2.73,13.8,18.62233,15.43042,13.257698,13.780056859504132,,89.16,8.64,,38.122,yfinance,2026-10-04
LNT,Alliant Energy Corporation,Utilities,Utilities - Regulated Electric,64.33,16679785472,28772784128.0,817000000.0,3.16,3.33,2.14,20.357595,17.446701,2.215373,15.731429816736746,,11.14,2.45,,29.038,yfinance,2026-10-04
LOW,"Lowe's Companies, Inc.",Consumer Cyclical,Home Improvement Retail,180.8,101438570496,140297568256.0,6624999936.0,11.82,2.77,5.0,15.296109,13.883332,-13.638079,11.021884591201243,,,12.52,,-13.257,yfinance,2026-10-04
LRCX,Lam Research Corporation,Technology,Semiconductor Equipment & Materials,347.49,434857443328,433363943424.0,7265396224.0,5.87,0.38,1.32,59.197613,29.599966,34.86405,50.15015481472063,,65.07,22.84,,9.967,yfinance,2026-10-04
LULU,lululemon athletica inc.,Consumer Cyclical,Apparel Retail,94.46,10457668608,11209059328.0,1417976960.0,12.15,,,7.7744856,10.925018,2.2018647,4.70193254856446,,30.9,14.4,,42.9,yfinance,2026-10-04
LUV,Southwest Airlines Company,Industrials,Airlines,42.47,20776673280,23874672640.0,837000000.0,1.6,1.7,0.72,26.54375,9.226973,2.9338217,10.211579960257586,,11.1,2.32,,14.476,yfinance,2026-10-04
LVS,Las Vegas Sands Corp.,Consumer Cyclical,Resorts & Casinos,36.23,23466213376,35689009152.0,1727000064.0,2.58,3.31,1.2,14.042636,10.319586,40.39019,7.693254722921254,,122.87,9.55,,0.897,yfinance,2026-10-04
LYB,LyondellBasell Industries NV,Basic Materials,Specialty Chemicals,58.58,18923563008,30727563264.0,-265000000.0,-0.83,4.71,2.76,,9.420036,1.7731636,8.611985219730942,,-2.27,4.11,,33.037,yfinance,2026-10-04
LYV,"Live Nation Entertainment, Inc.",Communication Services,Entertainment,168.77,39316578304,43264172032.0,-258028992.0,-1.11,,,,86.49992,472.74512,27.89814970797439,,17.68,2.1,,0.357,yfinance,2026-10-04
MA,Mastercard Incorporated,Financial Services,Credit Services,552.26,483785244672,496814260224.0,16257000448.0,18.17,0.63,3.48,30.394056,23.985432,86.3446,22.378012776730454,,241.2,24.06,,6.396,yfinance,2026-10-04
MAA,Mid-America Apartment Communiti,Real Estate,REIT - Residential,115.27,13712956416,19185891328.0,399288992.0,3.42,5.31,6.12,33.704678,35.1479,2.4609833,15.496812804652297,,7.05,3.13,,46.839,yfinance,2026-10-04
MAR,Marriott International,Consumer Cyclical,Lodging,358.96,93604667392,110916665344.0,2587000064.0,9.66,0.81,2.92,37.15942,27.281406,-20.76834,23.04043672514003,,,9.76,,-17.284,yfinance,2026-10-04
MAS,Masco Corporation,Industrials,Building Products & Equipment,68.36,13479732224,16671732736.0,885000000.0,4.34,1.87,1.28,15.751152,14.683455,-36.93139,11.055525687002653,,5862.5,15.86,,-1.851,yfinance,2026-10-04
MCD,McDonald's Corporation,Consumer Cyclical,Restaurants,231.89,164095000576,217876987904.0,8787000320.0,12.31,3.33,7.72,18.83753,16.775675,-160.36653,14.593234412051842,,,13.25,,-1.446,yfinance,2026-10-04
MCHP,Microchip Technology Incorporat,Technology,Semiconductors,81.32,44157468672,49283866624.0,367200000.0,0.68,2.24,1.82,119.588234,17.741707,6.8451176,32.722838902550194,,7.19,3.54,,11.88,yfinance,2026-10-04
MCK,McKesson Corporation,Healthcare,Medical Distribution,902.28,105197150208,114768150528.0,4592000000.0,37.26,0.42,3.76,24.215782,17.89724,-24.684835,16.23082300795182,,,4.74,,-36.552,yfinance,2026-10-04
MCO,Moody's Corporation,Financial Services,Financial Data & Stock Exchanges,441.36,76435161088,82700156928.0,2795000064.0,15.76,0.93,4.12,28.005075,23.322578,25.26822,20.40467758053278,,76.93,15.62,,17.467,yfinance,2026-10-04
MDLZ,"Mondelez International, Inc.",Consumer Defensive,Confectioners,58.19,74268368896,94664368128.0,3516000000.0,2.73,3.57,2.08,21.315018,17.304033,2.7971928,15.569797389473685,,13.34,4.12,,20.803,yfinance,2026-10-04
MDT,Medtronic plc.,Healthcare,Medical Devices,86.38,110491926528,130443927552.0,5231000064.0,4.06,3.33,2.88,21.275862,13.480677,2.201213,12.53304515458485,,10.65,5.12,,39.242,yfinance,2026-10-04
MELI,"MercadoLibre, Inc.",Consumer Cyclical,Internet Retail,1696.56,86010167296,93472169984.0,1863000064.0,36.99,,,45.865368,29.948912,10.9790535,24.016487662898253,,27.5,4.31,,154.527,yfinance,2026-10-04
MET,"MetLife, Inc.",Financial Services,Insurance - Life,94.43,60008087552,83522084864.0,3440999936.0,5.22,2.51,2.37,18.090038,8.489975,2.1946175,13.828159745695364,,13.09,0.45,,43.028,yfinance,2026-10-04
META,"Meta Platforms, Inc.",Communication Services,Internet Content & Information,728.08,1854788337664,1876846313472.0,68097998848.0,26.57,0.29,2.1,27.402334,20.858347,7.1018343,17.11592111534617,,29.85,14.59,,102.52,yfinance,2026-10-04
MGM,MGM Resorts International,Consumer Cyclical,Resorts & Casinos,30.48,7798345216,35928965120.0,423588000.0,1.65,,,18.472727,14.752789,3.0504403,16.057759988137526,,18.92,1.77,,9.992,yfinance,2026-10-04
MKC,"McCormick & Company, Incorporat",Consumer Defensive,Packaged Foods,44.67,12019109888,17290010624.0,1490499968.0,6.01,4.3,1.92,7.432612,13.8967085,1.7162286,11.495253634630753,,22.62,5.25,,26.028,yfinance,2026-10-04
MLM,"Martin Marietta Materials, Inc.",Basic Materials,Building Materials,482.27,34250518528,35202953216.0,930000000.0,15.38,0.7,3.36,31.356956,21.812075,2.5082955,16.558303488240828,,8.89,4.57,,192.27,yfinance,2026-10-04
MMM,3M Company,Industrials,Conglomerates,161.89,83490308096,91400298496.0,2996999936.0,5.63,1.93,3.12,28.754885,16.469593,28.28267,14.087592246609125,,81.89,8.74,,5.724,yfinance,2026-10-04
MNST,Monster Beverage Corporation,Consumer Defensive,Beverages - Non-Alcoholic,42.94,84121681920,80795361280.0,2127670016.0,1.08,,,39.75926,32.799656,8.983263,27.544025406976797,,25.7,17.48,,4.78,yfinance,2026-10-04
MO,"Altria Group, Inc.",Consumer Defensive,Tobacco,67.35,112457244672,134717251584.0,7952000000.0,4.75,6.59,4.44,14.178947,11.485275,-42.14643,8.545337769952118,,,29.54,,-1.598,yfinance,2026-10-04
MOS,Mosaic Company (The),Basic Materials,Agricultural Inputs,21.07,6698061312,12654160896.0,-638499968.0,-2.02,4.18,0.88,,13.332152,0.5842715,7.362634933610102,,-5.07,1.24,,36.062,yfinance,2026-10-04
MPC,Marathon Petroleum Corporation,Energy,Oil & Gas Refining & Marketing,422.33,118600720384,151767728128.0,8545999872.0,28.85,0.95,4.0,14.638821,8.515075,6.265094,9.856967346591041,,42.1,8.74,,67.41,yfinance,2026-10-04
MPWR,"Monolithic Power Systems, Inc.",Technology,Semiconductors,1439.73,70752649216,69357821952.0,801945984.0,16.41,0.56,8.0,87.73492,41.28767,18.162586,69.33826966936556,,21.98,13.57,,79.269,yfinance,2026-10-04
MRK,"Merck & Company, Inc.",Healthcare,Drug Manufacturers - General,144.3,356012851200,402833866752.0,3172999936.0,1.26,2.36,3.4,114.52381,15.207964,8.495232,13.952889261162243,,6.96,11.87,,16.986,yfinance,2026-10-04
MRNA,"Moderna, Inc.",Healthcare,Biotechnology,190.01,75858812928,72007811072.0,-3151000064.0,-7.98,,,,-42.691776,11.213337,-32.80537994189325,,-39.0,-13.26,,16.945,yfinance,2026-10-04
MRSH,Marsh,Financial Services,Insurance Brokers,170.06,81154547712,102086549504.0,3980000000.0,8.11,2.33,3.96,20.969175,14.886452,5.3530173,13.15887442893324,,25.9,7.24,,31.769,yfinance,2026-10-04
MRVL,"Marvell Technology, Inc.",Technology,Semiconductors,272.29,244708294656,240124395520.0,2639899904.0,3.02,0.09,0.24,90.162254,40.343086,13.088348,84.24530877716369,,16.52,4.12,,20.804,yfinance,2026-10-04
MS,Morgan Stanley,Financial Services,Capital Markets,190.31,298894458880,178175475712.0,19547000832.0,12.39,2.42,4.6,15.359967,13.976374,2.8068907,,,17.97,1.34,,67.801,yfinance,2026-10-04
MSCI,MSCI Inc.,Financial Services,Financial Data & Stock Exchanges,535.95,38963564544,45155065856.0,1358004992.0,18.28,1.53,8.2,29.318928,23.828451,-14.487485,23.011307487752653,,,21.13,,-36.994,yfinance,2026-10-04
MSFT,Microsoft Corporation,Technology,Software - Infrastructure,517.53,3842942959616,3894912483328.0,133748998144.0,17.96,0.76,3.92,28.815704,21.885357,8.688492,20.052370900204348,,34.04,14.09,,59.565,yfinance,2026-10-04
MSI,"Motorola Solutions, Inc.",Technology,Communication Equipment,447.41,74043580416,82968576000.0,2134000000.0,12.71,1.08,4.84,35.201416,23.025957,27.711985,22.077853425767632,,91.57,11.25,,16.145,yfinance,2026-10-04
MSTR,Strategy Inc,Technology,Software - Application,160.01,63804116992,80243654656.0,-31367133184.0,-99.16,,,,3.2331781,1.9251407,-2.2072265645904983,,-63.56,-38.73,,83.116,yfinance,2026-10-04
MTB,M&T Bank Corporation,Financial Services,Banks - Regional,219.14,31647377408,35086381056.0,2873999872.0,18.89,2.74,6.0,11.600847,10.399419,1.2449014,,,10.74,1.41,,176.03,yfinance,2026-10-04
MTD,"Mettler-Toledo International, I",Healthcare,Diagnostics & Research,1486.19,29778132992,31864145920.0,905611008.0,44.29,,,33.55588,28.7286,2322.1719,24.977518705648958,,,21.1,,0.64,yfinance,2026-10-04
MU,"Micron Technology, Inc.",Technology,Semiconductors,1074.89,1213973397504,1176370675712.0,84968996864.0,74.38,0.06,0.6,14.451332,5.219066,12.048311,10.807958966466636,,88.26,44.56,,89.215,yfinance,2026-10-04
NBIS,Nebius Group N.V.,Communication Services,Internet Content & Information,242.81,66009169920,68708139008.0,42400000.0,-0.07,,,,-69.5621,6.436827,266.31061631007753,,0.6,-1.92,,37.722,yfinance,2026-10-04
NCLH,Norwegian Cruise Line Holdings ,Consumer Cyclical,Travel Services,15.14,6952103936,22712823808.0,760768000.0,1.65,,,9.175758,9.123395,2.7021239,8.75525979907164,,36.73,4.25,,5.603,yfinance,2026-10-04
NDAQ,"Nasdaq, Inc.",Financial Services,Financial Data & Stock Exchanges,90.33,50492424192,59259424768.0,1967000064.0,3.43,1.28,1.16,26.335278,19.310814,4.234682,17.67355380229867,,16.52,5.85,,21.331,yfinance,2026-10-04
NDSN,Nordson Corporation,Industrials,Specialty Industrial Machinery,333.54,18577967104,20282255360.0,555177984.0,9.87,1.13,3.76,33.793316,25.690796,5.682984,21.173865492638594,,17.76,8.47,,58.691,yfinance,2026-10-04
NEE,"NextEra Energy, Inc.",Utilities,Utilities - Regulated Electric,76.83,160265715712,278616244224.0,9299000320.0,4.45,3.24,2.49,17.26517,17.501219,2.8052433,19.092457731143625,,11.68,2.44,,27.388,yfinance,2026-10-04
NEM,Newmont Corporation,Basic Materials,Gold,115.56,121764675584,118524682240.0,8597000192.0,7.93,0.9,1.04,14.57251,11.294488,3.4723558,6.948334103024198,,25.9,15.76,,33.28,yfinance,2026-10-04
NFLX,"Netflix, Inc.",Communication Services,Entertainment,67.06,279233789952,286760534016.0,13649642496.0,3.18,,,21.088049,17.579916,9.261151,19.47184550106458,,49.54,16.08,,7.241,yfinance,2026-10-04
NI,NiSource Inc,Utilities,Utilities - Regulated Gas,39.43,18909054976,38601854976.0,906000000.0,1.88,3.04,1.2,20.973404,17.516037,1.9746594,12.756727233595864,,8.55,3.24,,19.968,yfinance,2026-10-04
NKE,"Nike, Inc.",Consumer Cyclical,Footwear & Accessories,33.87,50246103040,52953530368.0,3092999936.0,2.1,4.84,1.64,16.128572,19.054852,3.3788905,10.836144291007722,,21.56,6.89,,10.024,yfinance,2026-10-04
NOC,Northrop Grumman Corporation,Industrials,Aerospace & Defense,478.0,67906125824,82651127808.0,4496000000.0,31.45,2.07,9.88,15.198728,15.69621,3.797026,11.392298701432512,,26.96,7.15,,125.888,yfinance,2026-10-04
NOW,"ServiceNow, Inc.",Technology,Software - Application,134.38,138930388992,142719369216.0,1670000000.0,1.56,,,86.14103,26.846416,11.100282,49.264539996178996,,14.24,4.25,,12.106,yfinance,2026-10-04
NRG,"NRG Energy, Inc.",Utilities,Utilities - Independent Power Producers,95.23,20018343936,43973345280.0,782000000.0,3.84,2.0,1.9,24.79948,8.5109005,4.762929,13.517782399366146,,23.77,4.06,,19.994,yfinance,2026-10-04
NSC,Norfolk Southern Corporation,Industrials,Railroads,317.44,71299678208,87380680704.0,2632999936.0,11.56,1.7,5.4,27.460207,22.2179,4.3868327,15.430104134994409,,16.98,5.95,,72.362,yfinance,2026-10-04
NTAP,"NetApp, Inc.",Technology,Software - Infrastructure,226.27,44443729920,43401728000.0,1418000000.0,7.08,0.92,2.08,31.95904,20.346302,29.663084,20.71681464158657,,114.82,11.66,,7.628,yfinance,2026-10-04
NTRS,Northern Trust Corporation,Financial Services,Asset Management,171.4,31358597120,38583799808.0,2181299968.0,11.64,1.91,3.28,14.725085,13.3820305,2.505335,,,17.07,1.28,,68.414,yfinance,2026-10-04
NUE,Nucor Corporation,Basic Materials,Steel,240.39,54538645504,60102643712.0,2872999936.0,12.52,0.93,2.24,19.200478,12.106522,2.4668036,10.579588873278242,,14.55,7.32,,97.45,yfinance,2026-10-04
NVDA,NVIDIA Corporation,Technology,Semiconductors,233.95,5649190617088,5614586036224.0,192880001024.0,7.91,0.43,1.0,29.576487,14.905945,24.670464,27.896345759002017,,117.21,53.57,,9.483,yfinance,2026-10-04
NVR,"NVR, Inc.",Consumer Cyclical,Residential Construction,5993.85,16052447232,15969290240.0,1141319936.0,384.81,,,15.576129,15.174452,4.7335663,10.39257346310214,,31.54,16.55,,1266.244,yfinance,2026-10-04
NWS,News Corporation,Communication Services,Entertainment,31.65,17067616256,18648315904.0,573000000.0,1.03,0.63,0.2,30.728155,20.936417,2.0173368,13.937455832585949,,7.98,4.66,,15.689,yfinance,2026-10-04
NWSA,News Corporation,Communication Services,Entertainment,28.69,15471404032,17046800384.0,573000000.0,1.03,0.7,0.2,27.85437,18.978384,1.8286698,12.740508508221225,,7.98,4.66,,15.689,yfinance,2026-10-04
NXPI,NXP Semiconductors N.V.,Technology,Semiconductors,243.66,61442322432,69558321152.0,2975000064.0,11.72,1.67,4.06,20.790102,13.465517,5.392259,13.725003480347102,,27.92,10.46,,45.187,yfinance,2026-10-04
O,Realty Income Corporation,Real Estate,REIT - Retail,54.13,51218784256,84367147008.0,1267576960.0,1.37,6.02,3.26,39.51095,34.85467,1.2950381,15.747075225204863,,3.22,2.36,,41.798,yfinance,2026-10-04
ODFL,"Old Dominion Freight Line, Inc.",Industrials,Trucking,180.48,37534113792,37159780352.0,1089276032.0,5.2,0.64,1.16,34.70769,26.97649,8.234328,20.722110827268313,,24.82,15.78,,21.918,yfinance,2026-10-04
OKE,"ONEOK, Inc.",Energy,Oil & Gas Midstream,87.88,55400361984,88401887232.0,3656000000.0,5.79,4.87,4.28,15.177893,14.090672,2.415148,11.525669590184393,,16.28,5.77,,36.387,yfinance,2026-10-04
OMC,Omnicom Group Inc.,Communication Services,Advertising Agencies,74.15,20342753280,29346953216.0,390200000.0,0.37,4.32,3.2,200.40541,6.3610888,2.1054575,7.982307485770118,,6.05,5.09,,35.218,yfinance,2026-10-04
ON,ON Semiconductor Corporation,Technology,Semiconductors,84.89,33049257984,33912971264.0,630200000.0,1.53,,,55.48366,18.74448,4.578008,16.22707820696373,,8.31,6.75,,18.543,yfinance,2026-10-04
ORCL,Oracle Corporation,Technology,Software - Infrastructure,142.3,431382593536,567721656320.0,18736001024.0,6.38,1.41,2.0,22.304075,12.939669,6.9611588,16.487720088778985,,41.19,6.36,,20.442,yfinance,2026-10-04
ORLY,"O'Reilly Automotive, Inc.",Consumer Cyclical,Auto Parts,84.9,68680769536,78006026240.0,2650373888.0,3.15,,,26.952381,23.25505,-37.75011,18.707630164963764,,,13.67,,-2.249,yfinance,2026-10-04
OTIS,Otis Worldwide Corporation,Industrials,Specialty Industrial Machinery,64.05,24381872128,32708870144.0,1516000000.0,3.89,2.75,1.76,16.465296,14.125603,-4.242003,12.38972353939394,,,14.25,,-15.099,yfinance,2026-10-04
OXY,Occidental Petroleum Corporatio,Energy,Oil & Gas E&P,58.08,58058940416,77456941056.0,3399000064.0,3.39,1.93,1.12,17.132744,14.452435,1.7353371,5.646372884108994,,10.63,4.68,,33.469,yfinance,2026-10-04
P,"Everpure, Inc.",Technology,Computer Hardware,140.14,46698467328,45915881472.0,253284992.0,0.73,,,191.9726,39.4775,30.313648,119.53992379250306,,17.71,3.03,,4.623,yfinance,2026-10-04
PANW,"Palo Alto Networks, Inc.",Technology,Software - Infrastructure,403.24,329850322944,329346318336.0,307000000.0,0.4,,,1008.1,82.6469,11.953872,211.11943483076922,,1.74,1.4,,33.733,yfinance,2026-10-04
PAYX,"Paychex, Inc.",Technology,Software - Application,98.94,35220709376,38907408384.0,1806000000.0,5.04,4.81,4.76,19.630953,15.487059,9.41927,12.640483029895442,,47.06,10.19,,10.504,yfinance,2026-10-04
PCAR,PACCAR Inc.,Industrials,Farm & Heavy Construction Machinery,109.68,57731710976,63880609792.0,2504199936.0,4.75,1.28,1.4,23.090527,15.181463,2.8409357,19.52580000388116,,12.76,4.12,,38.607,yfinance,2026-10-04
PCG,Pacific Gas & Electric Co.,Utilities,Utilities - Regulated Electric,12.32,36989161472,92695158784.0,3056000000.0,1.39,1.62,0.2,8.863309,6.8382897,0.8394658,8.86780417883685,,9.32,2.57,,14.676,yfinance,2026-10-04
PDD,PDD Holdings Inc.,Consumer Cyclical,Internet Retail,75.38,107295621120,-345529188352.0,92075540480.0,9.28,,,8.122845,6.1202707,1.589143,-3.4866376237911854,,22.75,10.01,,47.43437,yfinance,2026-10-04
PEG,Public Service Enterprise Group,Utilities,Utilities - Regulated Electric,68.07,33927450624,58413453312.0,2012000000.0,4.02,3.94,2.68,16.932837,14.568467,1.9562031,13.088382808501793,,11.84,3.24,,34.797,yfinance,2026-10-04
PEP,"Pepsico, Inc.",Consumer Defensive,Beverages - Non-Alcoholic,125.89,171965743104,214496198656.0,10451000320.0,7.63,4.7,5.92,16.499344,14.10948,7.7820363,11.35982356093624,,51.51,8.93,,16.177,yfinance,2026-10-04
PFE,"Pfizer, Inc.",Healthcare,Drug Manufacturers - General,27.8,158450925568,210528927744.0,4338999808.0,0.76,6.19,1.72,36.578945,9.596663,1.8597806,8.294091605136435,,5.01,5.78,,14.948,yfinance,2026-10-04
PFG,Principal Financial Group Inc,Financial Services,Asset Management,111.96,23971155968,22901055488.0,1558800000.0,7.02,3.0,3.36,15.948718,10.750479,1.9790009,10.644227351793969,,12.95,0.35,,56.574,yfinance,2026-10-04
PG,Procter & Gamble Company (The),Consumer Defensive,Household & Personal Products,144.91,336578478080,362902585344.0,15754000384.0,6.62,3.0,4.35,21.889729,19.584867,6.3149867,14.661545343025919,,30.29,10.72,,22.947,yfinance,2026-10-04
PGR,Progressive Corporation (The),Financial Services,Insurance - Property & Casualty,210.31,122063921152,128499294208.0,11694999552.0,19.94,0.19,0.4,10.547141,12.9524765,3.5589664,8.345194013024711,,34.94,7.84,,59.093,yfinance,2026-10-04
PH,Parker-Hannifin Corporation,Industrials,Specialty Industrial Machinery,972.55,122650632192,130828468224.0,3648000000.0,28.5,0.82,8.0,34.12456,24.673332,7.961476,23.098246508474578,,25.08,9.79,,122.157,yfinance,2026-10-04
PHM,"PulteGroup, Inc.",Consumer Cyclical,Residential Construction,115.73,22044985344,22837807104.0,1906445952.0,9.79,0.9,1.04,11.821246,10.5492,1.66895,8.293263933207802,,14.9,9.21,,69.343,yfinance,2026-10-04
PKG,Packaging Corporation of Americ,Consumer Cyclical,Packaging & Containers,228.54,20362524672,24049344512.0,687400000.0,7.7,2.63,6.0,29.68052,17.397871,4.3414006,12.024071244822899,,14.89,8.28,,52.642,yfinance,2026-10-04
PLD,"Prologis, Inc.",Real Estate,REIT - Industrial,128.91,125312303104,160067616768.0,4202444032.0,4.49,3.32,4.28,28.71047,38.673042,2.2413285,23.75895117496711,,7.75,2.52,,57.515,yfinance,2026-10-04
PLTR,Palantir Technologies Inc.,Technology,Software - Infrastructure,188.75,453577277440,444490285056.0,3016691968.0,1.17,,,161.3248,80.51924,46.398724,166.93656413128943,,38.1,17.29,,4.068,yfinance,2026-10-04
PM,Philip Morris International Inc,Consumer Defensive,Tobacco,187.46,292177674240,337239670784.0,10844000256.0,7.29,3.41,6.4,25.714678,20.39653,-34.040314,18.719936719473576,,,14.59,,-5.507,yfinance,2026-10-04
PNC,"PNC Financial Services Group, I",Financial Services,Banks - Regional,221.03,88178524160,168615526400.0,7261000192.0,18.17,3.62,8.0,12.1645565,10.301787,1.5189602,,,12.62,1.31,,145.514,yfinance,2026-10-04
PNR,Pentair plc.,Industrials,Specialty Industrial Machinery,53.03,8463587840,10138500096.0,635500032.0,3.88,2.04,1.08,13.667525,10.273349,2.2579408,9.797545512176265,,17.13,8.66,,23.486,yfinance,2026-10-04
PNW,Pinnacle West Capital Corporati,Utilities,Utilities - Regulated Electric,95.92,11625238528,28161742848.0,640105024.0,5.21,3.79,3.64,18.410748,17.182327,1.652454,13.103903113354255,,9.36,2.34,,58.047,yfinance,2026-10-04
PODD,Insulet Corporation,Healthcare,Medical Devices,131.69,9133254656,9546754048.0,375300000.0,5.33,,,24.707317,17.068882,6.42171,15.525702626154633,,26.02,9.72,,20.507,yfinance,2026-10-04
PPG,"PPG Industries, Inc.",Basic Materials,Specialty Chemicals,105.15,23374845952,29382844416.0,1567000064.0,6.97,2.82,2.96,15.086083,12.150606,2.7685626,10.890602598219841,,19.3,6.05,,37.98,yfinance,2026-10-04
PPL,PPL Corporation,Utilities,Utilities - Regulated Electric,32.8,24683470848,44727472128.0,1264000000.0,1.69,3.48,1.14,19.408283,15.477904,1.640246,11.898768652960577,,8.63,3.2,,19.997,yfinance,2026-10-04
PRU,"Prudential Financial, Inc.",Financial Services,Insurance - Life,112.6,38847000576,59406000128.0,3872000000.0,11.03,4.97,5.6,10.208523,7.5775213,1.2309912,11.411063900765237,,12.01,0.43,,91.471,yfinance,2026-10-04
PSA,Public Storage,Real Estate,REIT - Industrial,283.81,53030547456,64208846848.0,1845432960.0,10.47,4.23,12.0,27.106972,28.801678,10.297522,18.684073643089494,,21.93,6.98,,27.561,yfinance,2026-10-04
PSKY,Paramount Skydance Corporation,Communication Services,Entertainment,9.5,10658484224,26272485376.0,-621000000.0,0.03,2.11,0.2,316.6667,11.231439,0.9047619,7.93730645317969,,-0.9,2.75,,10.5,yfinance,2026-10-04
PSX,Phillips 66,Energy,Oil & Gas Refining & Marketing,264.58,106079379456,123235950592.0,7085000192.0,17.52,1.92,5.08,15.101597,10.092864,3.3508952,12.416720222467477,,23.45,6.04,,78.958,yfinance,2026-10-04
PTC,PTC Inc.,Technology,Software - Application,144.03,15628156928,16884397056.0,1223814016.0,10.31,,,13.969932,16.129286,4.595871,13.232639185657519,,35.05,11.54,,31.339,yfinance,2026-10-04
PWR,"Quanta Services, Inc.",Industrials,Engineering & Construction,676.56,101716328448,107917033472.0,1326876032.0,8.73,0.07,0.44,77.49828,34.21473,10.548834,35.440686559984165,,15.34,5.23,,64.136,yfinance,2026-10-04
PYPL,"PayPal Holdings, Inc.",Financial Services,Credit Services,52.8,45168332800,48133332992.0,4902000128.0,5.26,1.06,0.56,10.038022,9.126548,2.296351,7.455596807930607,,24.5,4.62,,22.993,yfinance,2026-10-04
Q,"Qnity Electronics, Inc.",Technology,Semiconductor Equipment & Materials,131.48,27506739200,31359739904.0,586000000.0,2.8,0.24,0.32,46.95714,24.447113,3.7916715,20.550288272608125,,6.72,5.3,,34.676,yfinance,2026-10-04
QCOM,QUALCOMM Incorporated,Technology,Semiconductors,184.87,197452333056,201122742272.0,9260000256.0,8.74,1.99,3.68,21.152174,18.117386,7.0650053,16.761625950596585,,33.75,11.61,,26.167,yfinance,2026-10-04
RCL,Royal Caribbean Cruises Ltd.,Consumer Cyclical,Travel Services,277.74,74282139648,97149140992.0,4398000128.0,16.19,2.16,6.0,17.155033,13.583104,7.256813,14.026731041954726,,44.67,7.68,,38.273,yfinance,2026-10-04
RDDT,"Reddit, Inc.",Communication Services,Internet Content & Information,147.86,28447748096,25682257920.0,871094976.0,4.3,,,34.386044,15.262982,8.654882,32.04206295853551,,30.71,15.65,,17.084,yfinance,2026-10-04
REG,Regency Centers Corporation,Real Estate,REIT - Retail,71.6,13386245120,18529890304.0,542515008.0,2.96,4.22,3.02,24.189188,28.444529,1.967195,17.298012741748675,,8.19,3.23,,36.397,yfinance,2026-10-04
REGN,"Regeneron Pharmaceuticals, Inc.",Healthcare,Biotechnology,735.2,75692515328,68125388800.0,4328699904.0,40.44,0.51,3.76,18.180021,11.959699,2.3257654,14.487365770670296,,14.04,6.53,,316.111,yfinance,2026-10-04
RF,Regions Financial Corporation,Financial Services,Banks - Regional,27.1,23087290368,29010288640.0,2150000128.0,2.46,4.06,1.1,11.01626,9.521869,1.3227254,,,11.87,1.39,,20.488,yfinance,2026-10-04
RJF,"Raymond James Financial, Inc.",Financial Services,Asset Management,158.21,30392141824,20581545984.0,2299000064.0,11.47,1.37,2.16,13.793374,11.138867,2.3935673,,,18.42,2.58,,66.098,yfinance,2026-10-04
RKLB,Rocket Lab Corporation,Industrials,Aerospace & Defense,73.92,47265259520,42061578240.0,-165459008.0,-0.29,,,,1369.1425,12.661871,-279.4399484159658,,-7.92,-4.62,,5.838,yfinance,2026-10-04
RL,Ralph Lauren Corporation,Consumer Cyclical,Apparel Manufacturing,363.37,21650399232,22712698880.0,982899968.0,15.88,1.1,4.0,22.882242,17.33035,7.9574714,14.256024905849863,,37.54,11.0,,45.664,yfinance,2026-10-04
RMD,ResMed Inc.,Healthcare,Medical Instruments & Supplies,218.89,30784524288,30932072448.0,1523293056.0,10.42,1.21,2.64,21.006718,16.544825,4.7943316,14.759252688013772,,24.27,14.0,,45.656,yfinance,2026-10-04
ROK,"Rockwell Automation, Inc.",Industrials,Specialty Industrial Machinery,454.35,50557321216,53590966272.0,1199000064.0,10.68,1.21,5.52,42.542133,30.468382,14.440312,25.61709668833652,,30.63,9.99,,31.464,yfinance,2026-10-04
ROL,"Rollins, Inc.",Consumer Cyclical,Personal Services,30.16,14511345664,15517562880.0,531716000.0,1.1,2.42,0.73,27.41818,23.38075,10.151464,17.93859066651702,,37.01,14.06,,2.971,yfinance,2026-10-04
ROP,"Roper Technologies, Inc.",Technology,Software - Application,354.32,35042557952,45997056000.0,2504300032.0,23.99,1.03,3.64,14.769487,14.533808,1.8738862,14.205390420540466,,13.07,4.23,,189.083,yfinance,2026-10-04
ROST,"Ross Stores, Inc.",Consumer Cyclical,Apparel Retail,228.54,73311305728,73458843648.0,2659063040.0,8.27,0.78,1.78,27.634823,25.469854,10.83436,20.086632150205478,,42.63,12.78,,21.094,yfinance,2026-10-04
RSG,"Republic Services, Inc.",Industrials,Waste Management,209.56,64169992192,78358994944.0,2185999872.0,7.06,1.28,2.68,29.68272,26.000872,5.329603,14.90564882974349,,18.15,6.17,,39.32,yfinance,2026-10-04
RTX,RTX Corporation,Industrials,Aerospace & Defense,184.68,248903958528,281221988352.0,7737999872.0,5.69,1.58,2.92,32.45694,23.504078,3.7498477,17.692481108504637,,12.27,4.21,,49.25,yfinance,2026-10-04
RVTY,"Revvity, Inc.",Healthcare,Diagnostics & Research,151.53,16908687360,19227260928.0,237366000.0,2.08,0.18,0.28,72.85097,25.715479,2.3390396,21.953138190885923,,3.21,2.37,,64.783,yfinance,2026-10-04
SBAC,SBA Communications Corporation,Real Estate,REIT - Specialty,158.49,16813905920,31781122048.0,990718016.0,9.27,3.15,5.0,17.097088,19.364723,-3.6315937,17.333080435638387,,,8.41,,-43.642,yfinance,2026-10-04
SBUX,Starbucks Corporation,Consumer Cyclical,Restaurants,94.71,107969396736,126819401728.0,1982800000.0,1.73,2.62,2.48,54.745663,30.329037,-14.066538,22.476543942319307,,,8.02,,-6.733,yfinance,2026-10-04
SCHW,Charles Schwab Corporation (The,Financial Services,Capital Markets,96.7,167226753024,152858771456.0,9722500096.0,5.49,1.32,1.28,17.613844,12.3540535,3.8036423,,,20.27,2.07,,25.423,yfinance,2026-10-04
SHOP,Shopify Inc.,Technology,Software - Application,151.39,196451942400,190016028672.0,1928000000.0,1.48,,,102.29054,61.782253,15.386726,79.33863198093009,,15.54,10.19,,9.839,yfinance,2026-10-04
SHW,Sherwin-Williams Company (The),Basic Materials,Specialty Chemicals,319.51,77563658240,91845951488.0,2688199936.0,10.83,1.0,3.2,29.50231,23.492346,20.003132,19.503928747292324,,65.12,9.52,,15.973,yfinance,2026-10-04
SJM,The J.M. Smucker Company,Consumer Defensive,Packaged Foods,117.19,12518608896,19415609344.0,229500000.0,2.17,3.82,4.48,54.00461,10.729937,2.176877,8.576178350330457,,3.93,6.26,,53.834,yfinance,2026-10-04
SLB,SLB Limited,Energy,Oil & Gas Equipment & Services,48.74,72337145856,82203140096.0,3100999936.0,2.05,2.42,1.18,23.775612,15.186498,2.7743626,11.13411071155586,,12.91,6.17,,17.568,yfinance,2026-10-04
SMCI,"Super Micro Computer, Inc.",Technology,Computer Hardware,43.69,28702816256,34644541440.0,2195842048.0,3.26,,,13.40184,8.203278,2.799026,12.267206532781248,,21.47,7.88,,15.609,yfinance,2026-10-04
SNA,Snap-On Incorporated,Industrials,Tools & Accessories,368.9,19082135552,18772936704.0,1033699968.0,19.59,2.65,9.76,18.831036,17.179825,3.1582282,13.262406414413984,,17.93,9.85,,116.806,yfinance,2026-10-04
SNDK,Sandisk Corporation,Technology,Computer Hardware,1719.99,251839234048,247278223360.0,11432999936.0,73.79,,,23.309256,6.5278344,16.286087,19.59881307872902,,91.64,43.91,,105.611,yfinance,2026-10-04
SNPS,"Synopsys, Inc.",Technology,Software - Infrastructure,489.9,93882785792,101115756544.0,1076558976.0,5.73,,,85.49738,26.362791,3.013156,48.71907537921991,,3.66,1.35,,162.587,yfinance,2026-10-04
SO,Southern Company (The),Utilities,Utilities - Regulated Electric,83.72,96308396032,173183385600.0,4657999872.0,4.15,3.63,3.04,20.173494,17.005165,2.4338624,12.146401119002618,,11.48,3.27,,34.398,yfinance,2026-10-04
SOLV,Solventum Corporation,Healthcare,Medical Instruments & Supplies,87.85,14954153984,19846154240.0,1434000000.0,8.18,,,10.739608,12.150223,3.1134818,17.42419062761352,,33.96,2.7,,28.216,yfinance,2026-10-04
SPCX,Space Exploration Technologies ,Industrials,Aerospace & Defense,158.96,2095375843328,4130450440192.0,-8888999936.0,-1.1,,,,91.19124,16.462303,700.4325055146143,,,,,9.656,yfinance,2026-10-04
SPG,"Simon Property Group, Inc.",Real Estate,REIT - Retail,200.95,76285337600,94890098688.0,4617150976.0,14.17,4.43,8.9,14.181369,29.667828,14.796406,18.51450978496034,,120.51,5.63,,13.581,yfinance,2026-10-04
SPGI,S&P Global Inc.,Financial Services,Financial Data & Stock Exchanges,386.27,113872396288,130625396736.0,4922999808.0,16.42,1.0,3.88,23.52436,19.105837,3.6148984,16.041433833887787,,14.26,7.03,,106.855,yfinance,2026-10-04
SRE,DBA Sempra,Utilities,Utilities - Diversified,78.38,51252707328,98489712640.0,2262000128.0,3.45,3.36,2.63,22.71884,14.148678,1.5677254,16.767060739901904,,6.68,1.96,,49.996,yfinance,2026-10-04
STE,STERIS plc (Ireland),Healthcare,Medical Devices,208.54,20332673024,21909372928.0,805000000.0,8.17,1.24,2.58,25.525091,17.027689,2.8213487,13.355302258683128,,11.39,6.8,,73.915,yfinance,2026-10-04
STLD,"Steel Dynamics, Inc.",Basic Materials,Steel,231.99,33250684928,37020049408.0,1607240960.0,11.02,0.91,2.12,21.051723,11.852262,3.5369182,13.842163637816855,,17.57,7.87,,65.591,yfinance,2026-10-04
STT,State Street Corporation,Financial Services,Asset Management,175.96,48336523264,-58874478592.0,3220999936.0,11.33,2.09,3.68,15.530451,11.482874,2.0223427,,,12.44,0.87,,87.008,yfinance,2026-10-04
STX,Seagate Technology Holdings PLC,Technology,Computer Hardware,848.99,193054392320,194612936704.0,3184000000.0,13.92,0.35,2.96,60.99066,15.332644,88.85295,43.228105546602066,,371.53,29.35,,9.555,yfinance,2026-10-04
STZ,"Constellation Brands, Inc.",Consumer Defensive,Beverages - Brewers,112.87,19278688256,30004236288.0,1824400000.0,10.5,3.65,4.12,10.749524,9.201926,2.344279,8.682283619519026,,23.69,8.57,,48.147,yfinance,2026-10-04
SW,Smurfit WestRock plc,Consumer Cyclical,Packaging & Containers,42.54,22313205760,35794165760.0,497000000.0,0.94,4.25,1.81,45.25532,12.399513,1.2354786,7.822151608391608,,2.72,2.62,,34.432,yfinance,2026-10-04
SWK,"Stanley Black & Decker, Inc.",Industrials,Tools & Accessories,91.34,13793859584,18412959744.0,620499968.0,4.09,3.68,3.36,22.332516,14.317219,1.5396544,10.280825843677915,,6.89,3.8,,59.325,yfinance,2026-10-04
SWKS,"Skyworks Solutions, Inc.",Technology,Semiconductors,85.03,12794700800,12676600832.0,290100000.0,1.93,3.34,2.84,44.056995,17.133991,2.2301197,14.401955046580323,,5.09,3.44,,38.128,yfinance,2026-10-04
SYF,Synchrony Financial,Financial Services,Credit Services,71.77,23351865344,25306865664.0,3435000064.0,9.75,1.89,1.36,7.3610253,6.8657737,1.5364031,,,20.79,2.9,,46.713,yfinance,2026-10-04
SYK,Stryker Corporation,Healthcare,Medical Devices,275.43,105647521792,117617524736.0,3728999936.0,9.64,1.28,3.52,28.571575,16.47423,4.4042025,15.945976780911064,,16.51,8.16,,62.538,yfinance,2026-10-04
SYY,Sysco Corporation,Consumer Defensive,Food Distribution,77.49,37161746432,50390151168.0,1756999936.0,3.65,2.84,2.2,21.230135,14.442969,13.909531,11.215256847244754,,77.69,7.97,,5.571,yfinance,2026-10-04
T,AT&T Inc.,Communication Services,Telecom Services,24.3,166512967680,332693962752.0,21479999488.0,3.03,4.57,1.11,8.019802,9.463686,1.5134529,7.4032343623934,,18.34,4.16,,16.056,yfinance,2026-10-04
TDG,Transdigm Group Incorporated,Industrials,Aerospace & Defense,1090.38,60272414720,91067416576.0,1911000064.0,32.93,,,33.112057,22.56567,-6.4913616,17.87387937822801,,,11.82,,-167.974,yfinance,2026-10-04
TDY,Teledyne Technologies Incorpora,Technology,Scientific & Technical Instruments,617.17,28609329152,30296229888.0,974800000.0,20.68,,,29.84381,23.045885,2.6202343,19.025514875659383,,9.15,5.14,,235.54,yfinance,2026-10-04
TECH,Bio-Techne Corp,Healthcare,Biotechnology,72.4,11353640960,11377248256.0,181840000.0,1.16,0.44,0.32,62.413795,31.307024,5.360581,34.05281198435524,,9.03,6.67,,13.506,yfinance,2026-10-04
TEL,TE Connectivity plc,Technology,Electronic Components,220.36,63797133312,68523134976.0,3017999872.0,10.2,1.42,3.12,21.603922,17.059927,4.823465,13.840261379564385,,23.29,9.69,,45.685,yfinance,2026-10-04
TER,"Teradyne, Inc.",Technology,Semiconductor Equipment & Materials,449.04,70203252736,69984698368.0,1150220032.0,7.27,0.12,0.52,61.766163,38.536037,22.35921,46.504737609577425,,36.46,19.75,,20.083,yfinance,2026-10-04
TFC,Truist Financial Corporation,Financial Services,Banks - Regional,46.45,56744538112,84988534784.0,5533000192.0,4.35,4.48,2.08,10.678162,9.3346,0.9669429,,,9.06,1.06,,48.038,yfinance,2026-10-04
TGT,Target Corporation,Consumer Defensive,Discount Stores,156.0,70870294528,84655292416.0,4392000000.0,9.64,2.97,4.64,16.182571,16.33845,3.97179,9.851656930345362,,26.41,5.69,,39.277,yfinance,2026-10-04
TJX,"TJX Companies, Inc. (The)",Consumer Cyclical,Apparel Retail,132.68,145944543232,154257555456.0,6066999808.0,5.4,1.45,1.92,24.570368,22.98078,14.093903,17.32646909436212,,62.17,13.54,,9.414,yfinance,2026-10-04
TKO,"TKO Group Holdings, Inc.",Communication Services,Entertainment,175.58,33231976448,22167314432.0,229556000.0,2.84,1.8,3.16,61.823948,37.506996,3.8429382,13.68244634498015,,7.06,4.5,,45.689,yfinance,2026-10-04
TMO,Thermo Fisher Scientific Inc,Healthcare,Diagnostics & Research,654.8,242110529536,280723521536.0,6967000064.0,18.6,0.29,1.88,35.2043,23.769205,4.595958,23.913751267351582,,13.51,5.13,,142.473,yfinance,2026-10-04
TMUS,"T-Mobile US, Inc.",Communication Services,Telecom Services,163.64,175531982848,293133975552.0,10560000000.0,9.56,2.86,4.68,17.117153,11.33467,3.126003,8.528526673337817,,17.99,5.97,,52.348,yfinance,2026-10-04
TPL,Texas Pacific Land Corporation,Energy,Oil & Gas E&P,340.19,23464497152,23233900544.0,541416000.0,7.82,0.71,2.4,43.502556,4.6524887,14.0301895,31.330056287652326,,36.57,25.81,,24.247,yfinance,2026-10-04
TPR,"Tapestry, Inc.",Consumer Cyclical,Luxury Goods,118.12,23552145408,26356244480.0,1527699968.0,7.26,1.57,1.85,16.269972,13.272611,34.198032,13.025077372472213,,197.14,17.54,,3.454,yfinance,2026-10-04
TRGP,"Targa Resources, Inc.",Energy,Oil & Gas Midstream,281.74,60413796352,79998697472.0,2255300096.0,10.45,1.77,5.0,26.960766,23.323639,16.521433,14.551303235936576,,70.84,9.24,,17.053,yfinance,2026-10-04
TRI,Thomson Reuters Corp,Industrials,Specialty Business Services,97.62,42294001664,44803383296.0,1678000000.0,3.8,2.68,2.62,25.689474,19.202473,3.8014019,19.539199540562045,,14.17,7.44,,25.68,yfinance,2026-10-04
TRMB,Trimble Inc.,Technology,Scientific & Technical Instruments,57.52,13412504576,14657404928.0,-104700000.0,-0.48,,,,13.903728,2.3641596,16.654250040831727,,-1.94,4.8,,24.33,yfinance,2026-10-04
TROW,"T. Rowe Price Group, Inc.",Financial Services,Asset Management,104.62,22317105152,20703705088.0,2167300096.0,9.96,4.97,5.2,10.504016,10.140181,2.0283449,6.985526904961967,,19.4,10.66,,51.579,yfinance,2026-10-04
TRV,"The Travelers Companies, Inc.",Financial Services,Insurance - Property & Casualty,360.38,75166269440,79173263360.0,8242999808.0,37.23,1.39,5.0,9.679829,11.883368,2.2697098,6.896625420638308,,26.51,4.78,,158.778,yfinance,2026-10-04
TSCO,Tractor Supply Company,Consumer Cyclical,Specialty Retail,31.09,16199137280,22512527360.0,1011913984.0,1.92,3.09,0.96,16.192709,15.179552,6.1870646,11.655559656213612,,39.51,7.82,,5.025,yfinance,2026-10-04
TSLA,"Tesla, Inc.",Consumer Cyclical,Auto Manufacturers,370.59,1463662804992,1436879814656.0,3806000128.0,1.07,,,346.34576,171.64972,16.84883,133.60109455171082,,4.67,1.93,,21.995,yfinance,2026-10-04
TSN,"Tyson Foods, Inc.",Consumer Defensive,Farm Products,51.89,18254979072,25626980352.0,574000000.0,1.62,3.93,2.04,32.030865,12.570434,1.0097295,9.244942406926407,,3.26,2.56,,51.39,yfinance,2026-10-04
TT,Trane Technologies plc,Industrials,Building Products & Equipment,463.91,102070960128,105391652864.0,2999600128.0,13.41,0.91,4.2,34.594334,26.339725,11.851975,24.461899947283634,,36.64,11.0,,39.142,yfinance,2026-10-04
TTWO,"Take-Two Interactive Software, ",Communication Services,Electronic Gaming & Multimedia,202.73,37906546688,39024644096.0,-320400000.0,-1.72,,,,19.697498,10.506323,50.912779811101046,,-9.04,-0.62,,19.296,yfinance,2026-10-04
TXN,Texas Instruments Incorporated,Technology,Semiconductors,293.8,268312150016,275363168256.0,6016999936.0,6.58,2.07,6.08,44.650455,27.6002,14.896314,28.92470254789916,,35.18,13.06,,19.723,yfinance,2026-10-04
TXT,Textron Inc.,Industrials,Aerospace & Defense,77.26,13287709696,16062708736.0,939000000.0,5.31,0.1,0.08,14.549907,10.631476,1.6493394,9.561136152380952,,12.13,4.55,,46.843,yfinance,2026-10-04
TYL,"Tyler Technologies, Inc.",Technology,Software - Application,322.81,13219803136,13704798208.0,324616000.0,7.62,,,42.363518,21.027843,4.3503046,29.889075521404006,,9.73,4.18,,74.204,yfinance,2026-10-04
UAL,"United Airlines Holdings, Inc.",Industrials,Airlines,112.51,36517339136,53549920256.0,3496000000.0,10.68,,,10.534644,7.7741027,2.1871657,7.551815217310467,,23.25,3.38,,51.441,yfinance,2026-10-04
UBER,"Uber Technologies, Inc.",Technology,Software - Application,68.11,139118772224,149541765120.0,9578999808.0,4.56,,,14.936404,15.405286,5.086632,20.00826434052152,,37.16,6.88,,13.39,yfinance,2026-10-04
UDR,"UDR, Inc.",Real Estate,REIT - Residential,33.27,12222208000,17624287232.0,517310016.0,1.58,5.23,1.74,21.056961,59.410713,3.691335,16.93377815381136,,13.74,2.24,,9.013,yfinance,2026-10-04
UHS,"Universal Health Services, Inc.",Healthcare,Medical Care Facilities,175.72,10356324352,15621125120.0,1526027008.0,24.5,0.46,0.8,7.172245,7.3220515,1.3783042,5.786431439107407,,20.95,8.32,,127.49,yfinance,2026-10-04
ULTA,"Ulta Beauty, Inc.",Consumer Cyclical,Specialty Retail,543.69,23246809088,25557389312.0,1210027008.0,27.46,,,19.799345,16.94413,8.56542,13.212377743037461,,46.12,14.84,,63.475,yfinance,2026-10-04
UNH,UnitedHealth Group Incorporated,Healthcare,Healthcare Plans,371.9,333815513088,383177523200.0,14122000384.0,15.55,2.5,9.28,23.916397,16.448336,3.4187956,14.361437881606088,,14.15,4.87,,108.781,yfinance,2026-10-04
UNP,Union Pacific Corporation,Industrials,Railroads,278.28,165319327744,194374336512.0,7329999872.0,12.36,2.04,5.68,22.514565,19.601835,8.50801,15.086490249467673,,39.7,9.27,,32.708,yfinance,2026-10-04
UPS,"United Parcel Service, Inc.",Industrials,Integrated Freight & Logistics,93.02,79139700736,103191699456.0,4569999872.0,5.38,7.05,6.56,17.289963,11.534931,5.253883,8.539531747941089,,29.6,7.28,,17.705,yfinance,2026-10-04
URI,"United Rentals, Inc.",Industrials,Rental & Leasing Services,1081.04,67286622208,82559623168.0,2638000128.0,41.62,0.73,7.88,25.974052,18.860416,7.305904,17.599579310833345,,28.9,8.77,,147.968,yfinance,2026-10-04
USB,U.S. Bancorp,Financial Services,Banks - Regional,57.51,89603538944,126191542272.0,7797000192.0,5.01,3.76,2.16,11.479041,9.915619,1.4779882,,,12.62,1.16,,38.911,yfinance,2026-10-04
V,Visa Inc.,Financial Services,Credit Services,360.66,677086953472,673463140352.0,22397999104.0,11.76,0.74,2.68,30.668367,24.03711,19.112877,21.658942196855786,,61.19,19.11,,18.87,yfinance,2026-10-04
VEEV,Veeva Systems Inc.,Healthcare,Health Information Services,273.33,44254543872,37163294720.0,1014771968.0,6.1,,,44.808197,26.664675,6.0973053,34.559542307663925,,14.42,7.58,,44.828,yfinance,2026-10-04
VICI,VICI Properties Inc.,Real Estate,REIT - Diversified,22.65,24939405312,42914095104.0,2765718016.0,2.58,8.12,1.84,8.77907,7.5752506,0.8549428,11.792100279978804,,9.85,4.82,,26.493,yfinance,2026-10-04
VLO,Valero Energy Corporation,Energy,Oil & Gas Refining & Marketing,406.3,116984922112,123726929920.0,7192999936.0,23.97,1.18,4.8,16.950356,10.108813,4.679258,9.247845650698064,,27.64,10.56,,86.83,yfinance,2026-10-04
VLTO,Veralto Corp,Industrials,Pollution & Treatment Controls,94.68,23082354688,24557352960.0,988000000.0,3.97,0.55,0.52,23.848866,19.80169,7.465699,17.6671604028777,,34.31,10.31,,12.682,yfinance,2026-10-04
VMC,Vulcan Materials Company (Holdi,Basic Materials,Building Materials,243.06,31495407616,36267208704.0,1117100032.0,8.48,0.86,2.08,28.662737,22.9731,3.7156615,15.496820154724503,,13.23,6.04,,65.415,yfinance,2026-10-04
VMRK,Vivmark Residential,Real Estate,REIT - Residential,59.79,46264254464,,1027489024.0,2.61,4.7,2.81,22.908047,40.66794,,,,8.49,2.56,,,yfinance,2026-10-04
VRSK,"Verisk Analytics, Inc.",Industrials,Consulting Services,163.88,21329969152,25394868224.0,885500032.0,6.51,1.22,2.0,25.173578,18.840332,-18.386627,16.753441847064074,,,18.96,,-8.913,yfinance,2026-10-04
VRSN,"VeriSign, Inc.",Technology,Software - Infrastructure,288.32,26064128000,27341496320.0,850000000.0,9.28,1.12,3.24,31.068968,26.064638,-11.562864,23.05353821247892,,,45.12,,-24.935,yfinance,2026-10-04
VRT,"Vertiv Holdings, LLC",Industrials,Electrical Equipment & Parts,252.18,97086308352,97313914880.0,1732000000.0,4.54,0.1,0.25,55.546253,27.52618,20.404562,36.32743001713866,,43.94,10.89,,12.359,yfinance,2026-10-04
VRTX,Vertex Pharmaceuticals Incorpor,Healthcare,Biotechnology,504.73,127929335808,122054533120.0,4405199872.0,17.11,,,29.499123,25.103277,6.315362,23.929915476082208,,23.54,11.93,,79.921,yfinance,2026-10-04
VST,Vistra Corp.,Utilities,Utilities - Independent Power Producers,140.02,46995640320,69556641792.0,2027000064.0,5.94,0.66,0.92,23.572392,13.442342,15.64994,10.465940483352336,,42.96,5.89,,8.947,yfinance,2026-10-04
VTR,"Ventas, Inc.",Real Estate,REIT - Healthcare Facilities,84.01,43092627456,56374898688.0,262731008.0,0.55,2.48,2.08,152.74545,106.341774,2.9416296,23.678377124704603,,2.01,2.17,,28.559,yfinance,2026-10-04
VTRS,Viatris Inc.,Healthcare,Drug Manufacturers - Specialty & Generic,17.6,20215199744,32328398848.0,-410700000.0,-0.37,2.73,0.48,,6.583648,1.398157,7.531368454048641,,-2.75,2.67,,12.588,yfinance,2026-10-04
VZ,Verizon Communications Inc.,Communication Services,Telecom Services,45.92,190787272704,383913263104.0,16172000256.0,3.84,6.16,2.83,11.958333,8.696212,1.8359188,7.51562733663529,,15.84,5.05,,25.012,yfinance,2026-10-04
WAB,Westinghouse Air Brake Technolo,Industrials,Railroads,287.54,48568627200,54874628096.0,1266000000.0,7.42,0.43,1.24,38.75202,23.085365,4.335907,20.699595160779296,,11.55,6.17,,66.316,yfinance,2026-10-04
WAT,Waters Corporation,Healthcare,Diagnostics & Research,425.21,41749606400,46714081280.0,166628992.0,3.95,,,107.648094,25.708803,2.7486813,32.17116877678975,,1.92,3.56,,154.696,yfinance,2026-10-04
WBD,"Warner Bros. Discovery, Inc. - ",Communication Services,Entertainment,30.94,77570809856,107450163200.0,-3166000128.0,-1.28,,,,497.26776,2.3630948,13.788035940258476,,-8.79,1.71,,13.093,yfinance,2026-10-04
WDAY,"Workday, Inc.",Technology,Software - Application,186.14,44859740160,45228740608.0,1251000064.0,4.82,,,38.618256,14.066371,6.9442267,28.51749092559899,,16.01,4.51,,26.805,yfinance,2026-10-04
WDC,Western Digital Corporation,Technology,Computer Hardware,415.29,149729050624,149341044736.0,9285999616.0,26.91,0.14,0.6,15.432553,13.0801935,,29.856267204638584,,130.85,20.76,,,yfinance,2026-10-04
WEC,"WEC Energy Group, Inc.",Utilities,Utilities - Regulated Electric,101.59,33103036416,56514338816.0,1691500032.0,5.15,3.75,3.81,19.726213,16.93477,,14.25258262895455,,11.99,3.03,,,yfinance,2026-10-04
WELL,Welltower Inc.,Real Estate,REIT - Healthcare Facilities,227.71,164081467392,183125704704.0,1550674048.0,2.22,1.49,3.4,102.572075,71.60692,3.5269425,54.817963018181004,,3.84,0.82,,64.563,yfinance,2026-10-04
WFC,Wells Fargo & Company,Financial Services,Banks - Diversified,80.45,243280723968,242819743744.0,21614999552.0,6.88,2.49,2.0,11.693314,10.100338,1.4780451,,,12.58,1.08,,54.43,yfinance,2026-10-04
WM,"Waste Management, Inc.",Industrials,Waste Management,204.45,81721769984,104521768960.0,2852999936.0,7.07,1.85,3.78,28.917963,22.446018,8.238968,13.445043380374896,,29.84,6.57,,24.815,yfinance,2026-10-04
WMB,"Williams Companies, Inc. (The)",Energy,Oil & Gas Midstream,70.54,86282231808,119085236224.0,3070000128.0,2.51,2.98,2.1,28.103586,26.66334,6.5582004,16.932352809280616,,21.5,5.03,,10.756,yfinance,2026-10-04
WMT,Walmart Inc.,Consumer Defensive,Discount Stores,104.26,829709352960,897296367616.0,22076000256.0,2.76,0.95,0.99,37.775364,32.324173,8.429137,20.359320855649763,,22.31,6.41,,12.369,yfinance,2026-10-04
WRB,W.R. Berkley Corporation,Financial Services,Insurance - Property & Casualty,68.98,25607276544,26020175872.0,1928020992.0,4.86,0.58,0.4,14.193416,14.187519,2.7248669,10.083358457079564,,20.21,3.56,,25.315,yfinance,2026-10-04
WSM,"Williams-Sonoma, Inc.",Consumer Cyclical,Specialty Retail,232.3,27360102400,27859111936.0,1179083008.0,9.76,1.31,3.04,23.80123,22.094099,14.628464,16.785631423233237,,54.96,16.64,,15.88,yfinance,2026-10-04
WST,"West Pharmaceutical Services, I",Healthcare,Medical Instruments & Supplies,364.98,25685745664,25566445568.0,564899968.0,7.81,0.24,0.88,46.732395,36.559895,8.593022,28.02723697434773,,19.09,11.38,,42.474,yfinance,2026-10-04
WTW,Willis Towers Watson Public Lim,Financial Services,Insurance Brokers,288.61,26803767296,32325769216.0,1564999936.0,16.14,1.33,3.84,17.88166,12.628617,3.4914045,11.479321454545454,,19.76,5.08,,82.663,yfinance,2026-10-04
WY,Weyerhaeuser Company,Real Estate,REIT - Specialty,18.47,13311993856,18233993216.0,472000000.0,0.66,4.55,0.84,27.984846,28.238998,1.410893,26.50289711627907,,4.97,0.67,,13.091,yfinance,2026-10-04
WYNN,"Wynn Resorts, Limited",Consumer Cyclical,Resorts & Casinos,75.88,7813658112,17203400704.0,448884992.0,4.17,1.32,1.0,18.196642,14.727288,-45.62838,9.510294738568657,,,5.73,,-1.663,yfinance,2026-10-04
XEL,Xcel Energy Inc.,Utilities,Utilities - Regulated Electric,71.4,44598890496,84231888896.0,2232999936.0,3.65,3.32,2.37,19.561644,15.734947,1.8531977,13.756637520377986,,9.92,2.37,,38.528,yfinance,2026-10-04
XOM,ExxonMobil Holdings Corporation,Energy,Oil & Gas Integrated,164.01,674394669056,712905654272.0,32757000192.0,7.77,2.51,4.12,21.108107,14.50511,2.6000316,10.493628491475615,,12.58,5.52,,63.08,yfinance,2026-10-04
XYL,Xylem Inc.,Industrials,Specialty Industrial Machinery,101.79,23766622208,25790621696.0,1018000000.0,4.2,1.69,1.72,24.235716,16.29811,2.1597707,13.038736954499495,,9.18,5.11,,47.13,yfinance,2026-10-04
XYZ,"Block, Inc.",Technology,Software - Infrastructure,74.33,44657094656,45054472192.0,357142016.0,0.56,,,132.73215,14.302648,2.025451,29.106667397665714,,1.61,2.01,,36.698,yfinance,2026-10-04
YUM,"Yum! Brands, Inc.",Consumer Cyclical,Restaurants,136.12,37147295744,49878294528.0,2216000000.0,7.94,2.2,3.0,17.143576,19.501236,-5.1474814,16.257592740547587,,,22.69,,-26.444,yfinance,2026-10-04
ZBH,"Zimmer Biomet Holdings, Inc.",Healthcare,Medical Devices,88.29,16840230912,23986130944.0,806700032.0,4.12,1.09,0.96,21.429613,9.73723,1.3330414,9.499458040382303,,6.41,3.88,,66.232,yfinance,2026-10-04
ZBRA,Zebra Technologies Corporation,Technology,Communication Equipment,375.86,17782183936,20587184128.0,539000000.0,10.9,,,34.482567,16.93089,5.1853485,17.38782443243243,,15.29,7.32,,72.485,yfinance,2026-10-04
ZTS,Zoetis Inc.,Healthcare,Drug Manufacturers - Specialty & Generic,69.69,28797554688,36376551424.0,2636999936.0,6.18,3.04,2.12,11.2767,10.657675,,8.946520553161493,,64.91,15.35,,,yfinance,2026-10-04
